DTI_CL_INDICADOR,Indicador,DTI_CL_TRIMESTRE_MOVIL,Trimestre Móvil,DTI_CL_REGION,Región,DTI_CL_SEXO,Sexo,Value,Flag Codes,Flags
INF_TOI_NOAGRO,Tasa de ocupación informal excluyendo al sector agropecuario (proyecciones base 2002),2017-V08,2017 jul-sep,CHL14,Región de Los Ríos,_T,Ambos sexos,34.6462839887114,,
INF_TOI_NOAGRO,Tasa de ocupación informal excluyendo al sector agropecuario (proyecciones base 2002),2017-V08,2017 jul-sep,CHL14,Región de Los Ríos,M,Hombres,33.7658766317763,,
INF_TOI_NOAGRO,Tasa de ocupación informal excluyendo al sector agropecuario (proyecciones base 2002),2017-V08,2017 jul-sep,CHL14,Región de Los Ríos,F,Mujeres,35.7890159375834,,
INF_TOI_NOAGRO,Tasa de ocupación informal excluyendo al sector agropecuario (proyecciones base 2002),2017-V09,2017 ago-oct,CHL14,Región de Los Ríos,_T,Ambos sexos,35.7366011928667,,
INF_TOI_NOAGRO,Tasa de ocupación informal excluyendo al sector agropecuario (proyecciones base 2002),2017-V09,2017 ago-oct,CHL14,Región de Los Ríos,M,Hombres,34.3596098127816,,
INF_TOI_NOAGRO,Tasa de ocupación informal excluyendo al sector agropecuario (proyecciones base 2002),2017-V09,2017 ago-oct,CHL14,Región de Los Ríos,F,Mujeres,37.5460694834325,,
INF_TOI_NOAGRO,Tasa de ocupación informal excluyendo al sector agropecuario (proyecciones base 2002),2017-V10,2017 sep-nov,CHL14,Región de Los Ríos,_T,Ambos sexos,34.3384785633222,,
INF_TOI_NOAGRO,Tasa de ocupación informal excluyendo al sector agropecuario (proyecciones base 2002),2017-V10,2017 sep-nov,CHL14,Región de Los Ríos,M,Hombres,33.2828269984057,,
INF_TOI_NOAGRO,Tasa de ocupación informal excluyendo al sector agropecuario (proyecciones base 2002),2017-V10,2017 sep-nov,CHL14,Región de Los Ríos,F,Mujeres,35.775372731668,,
INF_TOI_NOAGRO,Tasa de ocupación informal excluyendo al sector agropecuario (proyecciones base 2002),2017-V11,2017 oct-dic,CHL14,Región de Los Ríos,_T,Ambos sexos,33.1429724800503,,
INF_TOI_NOAGRO,Tasa de ocupación informal excluyendo al sector agropecuario (proyecciones base 2002),2017-V11,2017 oct-dic,CHL14,Región de Los Ríos,M,Hombres,30.6251699370398,,
INF_TOI_NOAGRO,Tasa de ocupación informal excluyendo al sector agropecuario (proyecciones base 2002),2017-V11,2017 oct-dic,CHL14,Región de Los Ríos,F,Mujeres,36.5698865574964,,
INF_TOI_NOAGRO,Tasa de ocupación informal excluyendo al sector agropecuario (proyecciones base 2002),2017-V12,2017 nov-ene,CHL14,Región de Los Ríos,_T,Ambos sexos,33.1093708941876,,
INF_TOI_NOAGRO,Tasa de ocupación informal excluyendo al sector agropecuario (proyecciones base 2002),2017-V12,2017 nov-ene,CHL14,Región de Los Ríos,M,Hombres,31.1502651859512,,
INF_TOI_NOAGRO,Tasa de ocupación informal excluyendo al sector agropecuario (proyecciones base 2002),2017-V12,2017 nov-ene,CHL14,Región de Los Ríos,F,Mujeres,35.8117597173712,,
INF_TOI_NOAGRO,Tasa de ocupación informal excluyendo al sector agropecuario (proyecciones base 2002),2018-V01,2018 dic-feb,CHL14,Región de Los Ríos,_T,Ambos sexos,34.2011225499727,,
INF_TOI_NOAGRO,Tasa de ocupación informal excluyendo al sector agropecuario (proyecciones base 2002),2018-V01,2018 dic-feb,CHL14,Región de Los Ríos,M,Hombres,31.897690039441,,
INF_TOI_NOAGRO,Tasa de ocupación informal excluyendo al sector agropecuario (proyecciones base 2002),2018-V01,2018 dic-feb,CHL14,Región de Los Ríos,F,Mujeres,37.3095177040053,,
INF_TOI_NOAGRO,Tasa de ocupación informal excluyendo al sector agropecuario (proyecciones base 2002),2018-V02,2018 ene-mar,CHL14,Región de Los Ríos,_T,Ambos sexos,35.5485764207425,,
INF_TOI_NOAGRO,Tasa de ocupación informal excluyendo al sector agropecuario (proyecciones base 2002),2018-V02,2018 ene-mar,CHL14,Región de Los Ríos,M,Hombres,32.9023278323326,,
INF_TOI_NOAGRO,Tasa de ocupación informal excluyendo al sector agropecuario (proyecciones base 2002),2018-V02,2018 ene-mar,CHL14,Región de Los Ríos,F,Mujeres,39.0903319062648,,
INF_TOI_NOAGRO,Tasa de ocupación informal excluyendo al sector agropecuario (proyecciones base 2002),2018-V03,2018 feb-abr,CHL14,Región de Los Ríos,_T,Ambos sexos,36.3821053928003,,
INF_TOI_NOAGRO,Tasa de ocupación informal excluyendo al sector agropecuario (proyecciones base 2002),2018-V03,2018 feb-abr,CHL14,Región de Los Ríos,M,Hombres,32.0243310634361,,
INF_TOI_NOAGRO,Tasa de ocupación informal excluyendo al sector agropecuario (proyecciones base 2002),2018-V03,2018 feb-abr,CHL14,Región de Los Ríos,F,Mujeres,41.8700479333716,,
INF_TOI_NOAGRO,Tasa de ocupación informal excluyendo al sector agropecuario (proyecciones base 2002),2018-V04,2018 mar-may,CHL14,Región de Los Ríos,_T,Ambos sexos,36.1566221284078,,
INF_TOI_NOAGRO,Tasa de ocupación informal excluyendo al sector agropecuario (proyecciones base 2002),2018-V04,2018 mar-may,CHL14,Región de Los Ríos,M,Hombres,31.4652977632378,,
INF_TOI_NOAGRO,Tasa de ocupación informal excluyendo al sector agropecuario (proyecciones base 2002),2018-V04,2018 mar-may,CHL14,Región de Los Ríos,F,Mujeres,42.3704868520442,,
INF_TOI_NOAGRO,Tasa de ocupación informal excluyendo al sector agropecuario (proyecciones base 2002),2018-V05,2018 abr-jun,CHL14,Región de Los Ríos,_T,Ambos sexos,36.7337982052764,,
INF_TOI_NOAGRO,Tasa de ocupación informal excluyendo al sector agropecuario (proyecciones base 2002),2018-V05,2018 abr-jun,CHL14,Región de Los Ríos,M,Hombres,31.9718043307958,,
INF_TOI_NOAGRO,Tasa de ocupación informal excluyendo al sector agropecuario (proyecciones base 2002),2018-V05,2018 abr-jun,CHL14,Región de Los Ríos,F,Mujeres,42.777000019461,,
INF_TOI_NOAGRO,Tasa de ocupación informal excluyendo al sector agropecuario (proyecciones base 2002),2018-V06,2018 may-jul,CHL14,Región de Los Ríos,_T,Ambos sexos,36.3805819147772,,
INF_TOI_NOAGRO,Tasa de ocupación informal excluyendo al sector agropecuario (proyecciones base 2002),2018-V06,2018 may-jul,CHL14,Región de Los Ríos,M,Hombres,31.1660616010723,,
INF_TOI_NOAGRO,Tasa de ocupación informal excluyendo al sector agropecuario (proyecciones base 2002),2018-V06,2018 may-jul,CHL14,Región de Los Ríos,F,Mujeres,42.9412913402438,,
INF_TOI_NOAGRO,Tasa de ocupación informal excluyendo al sector agropecuario (proyecciones base 2002),2018-V07,2018 jun-ago,CHL14,Región de Los Ríos,_T,Ambos sexos,36.0975235998758,,
INF_TOI_NOAGRO,Tasa de ocupación informal excluyendo al sector agropecuario (proyecciones base 2002),2018-V07,2018 jun-ago,CHL14,Región de Los Ríos,M,Hombres,31.1748624947062,,
INF_TOI_NOAGRO,Tasa de ocupación informal excluyendo al sector agropecuario (proyecciones base 2002),2018-V07,2018 jun-ago,CHL14,Región de Los Ríos,F,Mujeres,42.1646689055536,,
INF_TOI_NOAGRO,Tasa de ocupación informal excluyendo al sector agropecuario (proyecciones base 2002),2018-V08,2018 jul-sep,CHL14,Región de Los Ríos,_T,Ambos sexos,35.9302759620462,,
INF_TOI_NOAGRO,Tasa de ocupación informal excluyendo al sector agropecuario (proyecciones base 2002),2018-V08,2018 jul-sep,CHL14,Región de Los Ríos,M,Hombres,31.7637382070945,,
INF_TOI_NOAGRO,Tasa de ocupación informal excluyendo al sector agropecuario (proyecciones base 2002),2018-V08,2018 jul-sep,CHL14,Región de Los Ríos,F,Mujeres,41.2992026016871,,
INF_TOI_NOAGRO,Tasa de ocupación informal excluyendo al sector agropecuario (proyecciones base 2002),2018-V09,2018 ago-oct,CHL14,Región de Los Ríos,_T,Ambos sexos,34.9373402918117,,
INF_TOI_NOAGRO,Tasa de ocupación informal excluyendo al sector agropecuario (proyecciones base 2002),2018-V09,2018 ago-oct,CHL14,Región de Los Ríos,M,Hombres,30.5387654234702,,
INF_TOI_NOAGRO,Tasa de ocupación informal excluyendo al sector agropecuario (proyecciones base 2002),2018-V09,2018 ago-oct,CHL14,Región de Los Ríos,F,Mujeres,40.5625478722436,,
INF_TOI_NOAGRO,Tasa de ocupación informal excluyendo al sector agropecuario (proyecciones base 2002),2018-V10,2018 sep-nov,CHL14,Región de Los Ríos,_T,Ambos sexos,35.5489208019258,,
INF_TOI_NOAGRO,Tasa de ocupación informal excluyendo al sector agropecuario (proyecciones base 2002),2018-V10,2018 sep-nov,CHL14,Región de Los Ríos,M,Hombres,31.2034117233923,,
INF_TOI_NOAGRO,Tasa de ocupación informal excluyendo al sector agropecuario (proyecciones base 2002),2018-V10,2018 sep-nov,CHL14,Región de Los Ríos,F,Mujeres,41.1708427997491,,
INF_TOI_NOAGRO,Tasa de ocupación informal excluyendo al sector agropecuario (proyecciones base 2002),2018-V11,2018 oct-dic,CHL14,Región de Los Ríos,_T,Ambos sexos,34.8873620963648,,
INF_TOI_NOAGRO,Tasa de ocupación informal excluyendo al sector agropecuario (proyecciones base 2002),2018-V11,2018 oct-dic,CHL14,Región de Los Ríos,M,Hombres,30.7015890903126,,
INF_TOI_NOAGRO,Tasa de ocupación informal excluyendo al sector agropecuario (proyecciones base 2002),2018-V11,2018 oct-dic,CHL14,Región de Los Ríos,F,Mujeres,40.2519775395764,,
INF_TOI_NOAGRO,Tasa de ocupación informal excluyendo al sector agropecuario (proyecciones base 2002),2018-V12,2018 nov-ene,CHL14,Región de Los Ríos,_T,Ambos sexos,35.7499878738502,,
INF_TOI_NOAGRO,Tasa de ocupación informal excluyendo al sector agropecuario (proyecciones base 2002),2018-V12,2018 nov-ene,CHL14,Región de Los Ríos,M,Hombres,34.7090991318913,,
INF_TOI_NOAGRO,Tasa de ocupación informal excluyendo al sector agropecuario (proyecciones base 2002),2018-V12,2018 nov-ene,CHL14,Región de Los Ríos,F,Mujeres,37.1152710637028,,
INF_TOI_NOAGRO,Tasa de ocupación informal excluyendo al sector agropecuario (proyecciones base 2002),2019-V01,2019 dic-feb,CHL14,Región de Los Ríos,_T,Ambos sexos,34.2756985724367,,
INF_TOI_NOAGRO,Tasa de ocupación informal excluyendo al sector agropecuario (proyecciones base 2002),2019-V01,2019 dic-feb,CHL14,Región de Los Ríos,M,Hombres,34.06315443114,,
INF_TOI_NOAGRO,Tasa de ocupación informal excluyendo al sector agropecuario (proyecciones base 2002),2019-V01,2019 dic-feb,CHL14,Región de Los Ríos,F,Mujeres,34.5565103431025,,
INF_TOI_NOAGRO,Tasa de ocupación informal excluyendo al sector agropecuario (proyecciones base 2002),2019-V02,2019 ene-mar,CHL14,Región de Los Ríos,_T,Ambos sexos,34.0577225698129,,
INF_TOI_NOAGRO,Tasa de ocupación informal excluyendo al sector agropecuario (proyecciones base 2002),2019-V02,2019 ene-mar,CHL14,Región de Los Ríos,M,Hombres,34.1722083614041,,
INF_TOI_NOAGRO,Tasa de ocupación informal excluyendo al sector agropecuario (proyecciones base 2002),2019-V02,2019 ene-mar,CHL14,Región de Los Ríos,F,Mujeres,33.9097297686085,,
INF_TOI_NOAGRO,Tasa de ocupación informal excluyendo al sector agropecuario (proyecciones base 2002),2019-V03,2019 feb-abr,CHL14,Región de Los Ríos,_T,Ambos sexos,32.236618550417,,
INF_TOI_NOAGRO,Tasa de ocupación informal excluyendo al sector agropecuario (proyecciones base 2002),2019-V03,2019 feb-abr,CHL14,Región de Los Ríos,M,Hombres,31.2137035823365,,
INF_TOI_NOAGRO,Tasa de ocupación informal excluyendo al sector agropecuario (proyecciones base 2002),2019-V03,2019 feb-abr,CHL14,Región de Los Ríos,F,Mujeres,33.4993563579349,,
INF_TOI_NOAGRO,Tasa de ocupación informal excluyendo al sector agropecuario (proyecciones base 2002),2019-V04,2019 mar-may,CHL14,Región de Los Ríos,_T,Ambos sexos,32.9832183078292,,
INF_TOI_NOAGRO,Tasa de ocupación informal excluyendo al sector agropecuario (proyecciones base 2002),2019-V04,2019 mar-may,CHL14,Región de Los Ríos,M,Hombres,30.580054418558,,
INF_TOI_NOAGRO,Tasa de ocupación informal excluyendo al sector agropecuario (proyecciones base 2002),2019-V04,2019 mar-may,CHL14,Región de Los Ríos,F,Mujeres,35.8363596615758,,
INF_TOI_NOAGRO,Tasa de ocupación informal excluyendo al sector agropecuario (proyecciones base 2002),2019-V05,2019 abr-jun,CHL14,Región de Los Ríos,_T,Ambos sexos,33.7243482764827,,
INF_TOI_NOAGRO,Tasa de ocupación informal excluyendo al sector agropecuario (proyecciones base 2002),2019-V05,2019 abr-jun,CHL14,Región de Los Ríos,M,Hombres,31.4843591368077,,
INF_TOI_NOAGRO,Tasa de ocupación informal excluyendo al sector agropecuario (proyecciones base 2002),2019-V05,2019 abr-jun,CHL14,Región de Los Ríos,F,Mujeres,36.349680016524,,
INF_TOI_NOAGRO,Tasa de ocupación informal excluyendo al sector agropecuario (proyecciones base 2002),2019-V06,2019 may-jul,CHL14,Región de Los Ríos,_T,Ambos sexos,34.0451614851785,,
INF_TOI_NOAGRO,Tasa de ocupación informal excluyendo al sector agropecuario (proyecciones base 2002),2019-V06,2019 may-jul,CHL14,Región de Los Ríos,M,Hombres,32.3115123614642,,
INF_TOI_NOAGRO,Tasa de ocupación informal excluyendo al sector agropecuario (proyecciones base 2002),2019-V06,2019 may-jul,CHL14,Región de Los Ríos,F,Mujeres,36.111434554751,,
INF_TOI_NOAGRO,Tasa de ocupación informal excluyendo al sector agropecuario (proyecciones base 2002),2019-V07,2019 jun-ago,CHL14,Región de Los Ríos,_T,Ambos sexos,34.3161593546651,,
INF_TOI_NOAGRO,Tasa de ocupación informal excluyendo al sector agropecuario (proyecciones base 2002),2019-V07,2019 jun-ago,CHL14,Región de Los Ríos,M,Hombres,32.6145287863865,,
INF_TOI_NOAGRO,Tasa de ocupación informal excluyendo al sector agropecuario (proyecciones base 2002),2019-V07,2019 jun-ago,CHL14,Región de Los Ríos,F,Mujeres,36.3380105382416,,
INF_TOI_NOAGRO,Tasa de ocupación informal excluyendo al sector agropecuario (proyecciones base 2002),2019-V08,2019 jul-sep,CHL14,Región de Los Ríos,_T,Ambos sexos,34.1131099370779,,
INF_TOI_NOAGRO,Tasa de ocupación informal excluyendo al sector agropecuario (proyecciones base 2002),2019-V08,2019 jul-sep,CHL14,Región de Los Ríos,M,Hombres,32.2878492208538,,
INF_TOI_NOAGRO,Tasa de ocupación informal excluyendo al sector agropecuario (proyecciones base 2002),2019-V08,2019 jul-sep,CHL14,Región de Los Ríos,F,Mujeres,36.328574104175,,
INF_TOI_NOAGRO,Tasa de ocupación informal excluyendo al sector agropecuario (proyecciones base 2002),2019-V09,2019 ago-oct,CHL14,Región de Los Ríos,_T,Ambos sexos,35.0154499085505,,
INF_TOI_NOAGRO,Tasa de ocupación informal excluyendo al sector agropecuario (proyecciones base 2002),2019-V09,2019 ago-oct,CHL14,Región de Los Ríos,M,Hombres,32.4635627046908,,
INF_TOI_NOAGRO,Tasa de ocupación informal excluyendo al sector agropecuario (proyecciones base 2002),2019-V09,2019 ago-oct,CHL14,Región de Los Ríos,F,Mujeres,38.1634683938639,,
INF_TOI_NOAGRO,Tasa de ocupación informal excluyendo al sector agropecuario (proyecciones base 2002),2019-V10,2019 sep-nov,CHL14,Región de Los Ríos,_T,Ambos sexos,35.082088308364,,
INF_TOI_NOAGRO,Tasa de ocupación informal excluyendo al sector agropecuario (proyecciones base 2002),2019-V10,2019 sep-nov,CHL14,Región de Los Ríos,M,Hombres,32.8832706570683,,
INF_TOI_NOAGRO,Tasa de ocupación informal excluyendo al sector agropecuario (proyecciones base 2002),2019-V10,2019 sep-nov,CHL14,Región de Los Ríos,F,Mujeres,37.8370785244126,,
INF_TOI_NOAGRO,Tasa de ocupación informal excluyendo al sector agropecuario (proyecciones base 2002),2019-V11,2019 oct-dic,CHL14,Región de Los Ríos,_T,Ambos sexos,35.2709725540418,,
INF_TOI_NOAGRO,Tasa de ocupación informal excluyendo al sector agropecuario (proyecciones base 2002),2019-V11,2019 oct-dic,CHL14,Región de Los Ríos,M,Hombres,34.0715999890679,,
INF_TOI_NOAGRO,Tasa de ocupación informal excluyendo al sector agropecuario (proyecciones base 2002),2019-V11,2019 oct-dic,CHL14,Región de Los Ríos,F,Mujeres,36.8103948725193,,
INF_TOI_NOAGRO_P2017,Tasa de ocupación informal excluyendo al sector agropecuario (proyecciones base 2017),2017-V08,2017 jul-sep,CHL14,Región de Los Ríos,_T,Ambos sexos,34.797488551419,,
INF_TOI_NOAGRO_P2017,Tasa de ocupación informal excluyendo al sector agropecuario (proyecciones base 2017),2017-V08,2017 jul-sep,CHL14,Región de Los Ríos,M,Hombres,33.7563180608588,,
INF_TOI_NOAGRO_P2017,Tasa de ocupación informal excluyendo al sector agropecuario (proyecciones base 2017),2017-V08,2017 jul-sep,CHL14,Región de Los Ríos,F,Mujeres,36.1566738259207,,
INF_TOI_NOAGRO_P2017,Tasa de ocupación informal excluyendo al sector agropecuario (proyecciones base 2017),2017-V09,2017 ago-oct,CHL14,Región de Los Ríos,_T,Ambos sexos,35.2579869691689,,
INF_TOI_NOAGRO_P2017,Tasa de ocupación informal excluyendo al sector agropecuario (proyecciones base 2017),2017-V09,2017 ago-oct,CHL14,Región de Los Ríos,M,Hombres,33.4172061973867,,
INF_TOI_NOAGRO_P2017,Tasa de ocupación informal excluyendo al sector agropecuario (proyecciones base 2017),2017-V09,2017 ago-oct,CHL14,Región de Los Ríos,F,Mujeres,37.6683070110014,,
INF_TOI_NOAGRO_P2017,Tasa de ocupación informal excluyendo al sector agropecuario (proyecciones base 2017),2017-V10,2017 sep-nov,CHL14,Región de Los Ríos,_T,Ambos sexos,33.4376274370144,,
INF_TOI_NOAGRO_P2017,Tasa de ocupación informal excluyendo al sector agropecuario (proyecciones base 2017),2017-V10,2017 sep-nov,CHL14,Región de Los Ríos,M,Hombres,31.4474512357403,,
INF_TOI_NOAGRO_P2017,Tasa de ocupación informal excluyendo al sector agropecuario (proyecciones base 2017),2017-V10,2017 sep-nov,CHL14,Región de Los Ríos,F,Mujeres,36.1039987061056,,
INF_TOI_NOAGRO_P2017,Tasa de ocupación informal excluyendo al sector agropecuario (proyecciones base 2017),2017-V11,2017 oct-dic,CHL14,Región de Los Ríos,_T,Ambos sexos,32.5039960138077,,
INF_TOI_NOAGRO_P2017,Tasa de ocupación informal excluyendo al sector agropecuario (proyecciones base 2017),2017-V11,2017 oct-dic,CHL14,Región de Los Ríos,M,Hombres,29.3956700565011,,
INF_TOI_NOAGRO_P2017,Tasa de ocupación informal excluyendo al sector agropecuario (proyecciones base 2017),2017-V11,2017 oct-dic,CHL14,Región de Los Ríos,F,Mujeres,36.6894939277688,,
INF_TOI_NOAGRO_P2017,Tasa de ocupación informal excluyendo al sector agropecuario (proyecciones base 2017),2017-V12,2017 nov-ene,CHL14,Región de Los Ríos,_T,Ambos sexos,32.8096254654183,,
INF_TOI_NOAGRO_P2017,Tasa de ocupación informal excluyendo al sector agropecuario (proyecciones base 2017),2017-V12,2017 nov-ene,CHL14,Región de Los Ríos,M,Hombres,30.5108074093832,,
INF_TOI_NOAGRO_P2017,Tasa de ocupación informal excluyendo al sector agropecuario (proyecciones base 2017),2017-V12,2017 nov-ene,CHL14,Región de Los Ríos,F,Mujeres,35.9451734410354,,
INF_TOI_NOAGRO_P2017,Tasa de ocupación informal excluyendo al sector agropecuario (proyecciones base 2017),2018-V01,2018 dic-feb,CHL14,Región de Los Ríos,_T,Ambos sexos,33.830462891605,,
INF_TOI_NOAGRO_P2017,Tasa de ocupación informal excluyendo al sector agropecuario (proyecciones base 2017),2018-V01,2018 dic-feb,CHL14,Región de Los Ríos,M,Hombres,31.9549979976653,,
INF_TOI_NOAGRO_P2017,Tasa de ocupación informal excluyendo al sector agropecuario (proyecciones base 2017),2018-V01,2018 dic-feb,CHL14,Región de Los Ríos,F,Mujeres,36.3521665008358,,
INF_TOI_NOAGRO_P2017,Tasa de ocupación informal excluyendo al sector agropecuario (proyecciones base 2017),2018-V02,2018 ene-mar,CHL14,Región de Los Ríos,_T,Ambos sexos,35.3135725462196,,
INF_TOI_NOAGRO_P2017,Tasa de ocupación informal excluyendo al sector agropecuario (proyecciones base 2017),2018-V02,2018 ene-mar,CHL14,Región de Los Ríos,M,Hombres,33.2929304488326,,
INF_TOI_NOAGRO_P2017,Tasa de ocupación informal excluyendo al sector agropecuario (proyecciones base 2017),2018-V02,2018 ene-mar,CHL14,Región de Los Ríos,F,Mujeres,38.0279340745247,,
INF_TOI_NOAGRO_P2017,Tasa de ocupación informal excluyendo al sector agropecuario (proyecciones base 2017),2018-V03,2018 feb-abr,CHL14,Región de Los Ríos,_T,Ambos sexos,36.1651391585563,,
INF_TOI_NOAGRO_P2017,Tasa de ocupación informal excluyendo al sector agropecuario (proyecciones base 2017),2018-V03,2018 feb-abr,CHL14,Región de Los Ríos,M,Hombres,32.1006152451973,,
INF_TOI_NOAGRO_P2017,Tasa de ocupación informal excluyendo al sector agropecuario (proyecciones base 2017),2018-V03,2018 feb-abr,CHL14,Región de Los Ríos,F,Mujeres,41.2861477213456,,
INF_TOI_NOAGRO_P2017,Tasa de ocupación informal excluyendo al sector agropecuario (proyecciones base 2017),2018-V04,2018 mar-may,CHL14,Región de Los Ríos,_T,Ambos sexos,36.0618268184606,,
INF_TOI_NOAGRO_P2017,Tasa de ocupación informal excluyendo al sector agropecuario (proyecciones base 2017),2018-V04,2018 mar-may,CHL14,Región de Los Ríos,M,Hombres,31.3846685506675,,
INF_TOI_NOAGRO_P2017,Tasa de ocupación informal excluyendo al sector agropecuario (proyecciones base 2017),2018-V04,2018 mar-may,CHL14,Región de Los Ríos,F,Mujeres,42.2439761279315,,
INF_TOI_NOAGRO_P2017,Tasa de ocupación informal excluyendo al sector agropecuario (proyecciones base 2017),2018-V05,2018 abr-jun,CHL14,Región de Los Ríos,_T,Ambos sexos,36.8557651839961,,
INF_TOI_NOAGRO_P2017,Tasa de ocupación informal excluyendo al sector agropecuario (proyecciones base 2017),2018-V05,2018 abr-jun,CHL14,Región de Los Ríos,M,Hombres,32.2619472511235,,
INF_TOI_NOAGRO_P2017,Tasa de ocupación informal excluyendo al sector agropecuario (proyecciones base 2017),2018-V05,2018 abr-jun,CHL14,Región de Los Ríos,F,Mujeres,42.724395078753,,
INF_TOI_NOAGRO_P2017,Tasa de ocupación informal excluyendo al sector agropecuario (proyecciones base 2017),2018-V06,2018 may-jul,CHL14,Región de Los Ríos,_T,Ambos sexos,36.3410362062745,,
INF_TOI_NOAGRO_P2017,Tasa de ocupación informal excluyendo al sector agropecuario (proyecciones base 2017),2018-V06,2018 may-jul,CHL14,Región de Los Ríos,M,Hombres,30.7838794282796,,
INF_TOI_NOAGRO_P2017,Tasa de ocupación informal excluyendo al sector agropecuario (proyecciones base 2017),2018-V06,2018 may-jul,CHL14,Región de Los Ríos,F,Mujeres,43.3029164593502,,
INF_TOI_NOAGRO_P2017,Tasa de ocupación informal excluyendo al sector agropecuario (proyecciones base 2017),2018-V07,2018 jun-ago,CHL14,Región de Los Ríos,_T,Ambos sexos,35.9235668038953,,
INF_TOI_NOAGRO_P2017,Tasa de ocupación informal excluyendo al sector agropecuario (proyecciones base 2017),2018-V07,2018 jun-ago,CHL14,Región de Los Ríos,M,Hombres,30.6966259150628,,
INF_TOI_NOAGRO_P2017,Tasa de ocupación informal excluyendo al sector agropecuario (proyecciones base 2017),2018-V07,2018 jun-ago,CHL14,Región de Los Ríos,F,Mujeres,42.2967806878742,,
INF_TOI_NOAGRO_P2017,Tasa de ocupación informal excluyendo al sector agropecuario (proyecciones base 2017),2018-V08,2018 jul-sep,CHL14,Región de Los Ríos,_T,Ambos sexos,35.4934985699203,,
INF_TOI_NOAGRO_P2017,Tasa de ocupación informal excluyendo al sector agropecuario (proyecciones base 2017),2018-V08,2018 jul-sep,CHL14,Región de Los Ríos,M,Hombres,30.9902216096324,,
INF_TOI_NOAGRO_P2017,Tasa de ocupación informal excluyendo al sector agropecuario (proyecciones base 2017),2018-V08,2018 jul-sep,CHL14,Región de Los Ríos,F,Mujeres,41.1887882500173,,
INF_TOI_NOAGRO_P2017,Tasa de ocupación informal excluyendo al sector agropecuario (proyecciones base 2017),2018-V09,2018 ago-oct,CHL14,Región de Los Ríos,_T,Ambos sexos,34.1404887514154,,
INF_TOI_NOAGRO_P2017,Tasa de ocupación informal excluyendo al sector agropecuario (proyecciones base 2017),2018-V09,2018 ago-oct,CHL14,Región de Los Ríos,M,Hombres,30.0744064960985,,
INF_TOI_NOAGRO_P2017,Tasa de ocupación informal excluyendo al sector agropecuario (proyecciones base 2017),2018-V09,2018 ago-oct,CHL14,Región de Los Ríos,F,Mujeres,39.2561094003739,,
INF_TOI_NOAGRO_P2017,Tasa de ocupación informal excluyendo al sector agropecuario (proyecciones base 2017),2018-V10,2018 sep-nov,CHL14,Región de Los Ríos,_T,Ambos sexos,34.760652047165,,
INF_TOI_NOAGRO_P2017,Tasa de ocupación informal excluyendo al sector agropecuario (proyecciones base 2017),2018-V10,2018 sep-nov,CHL14,Región de Los Ríos,M,Hombres,30.3758830831331,,
INF_TOI_NOAGRO_P2017,Tasa de ocupación informal excluyendo al sector agropecuario (proyecciones base 2017),2018-V10,2018 sep-nov,CHL14,Región de Los Ríos,F,Mujeres,40.3530580111502,,
INF_TOI_NOAGRO_P2017,Tasa de ocupación informal excluyendo al sector agropecuario (proyecciones base 2017),2018-V11,2018 oct-dic,CHL14,Región de Los Ríos,_T,Ambos sexos,34.3117007083108,,
INF_TOI_NOAGRO_P2017,Tasa de ocupación informal excluyendo al sector agropecuario (proyecciones base 2017),2018-V11,2018 oct-dic,CHL14,Región de Los Ríos,M,Hombres,30.1403176370473,,
INF_TOI_NOAGRO_P2017,Tasa de ocupación informal excluyendo al sector agropecuario (proyecciones base 2017),2018-V11,2018 oct-dic,CHL14,Región de Los Ríos,F,Mujeres,39.5779023398315,,
INF_TOI_NOAGRO_P2017,Tasa de ocupación informal excluyendo al sector agropecuario (proyecciones base 2017),2018-V12,2018 nov-ene,CHL14,Región de Los Ríos,_T,Ambos sexos,35.4172373070844,,
INF_TOI_NOAGRO_P2017,Tasa de ocupación informal excluyendo al sector agropecuario (proyecciones base 2017),2018-V12,2018 nov-ene,CHL14,Región de Los Ríos,M,Hombres,34.5602139790528,,
INF_TOI_NOAGRO_P2017,Tasa de ocupación informal excluyendo al sector agropecuario (proyecciones base 2017),2018-V12,2018 nov-ene,CHL14,Región de Los Ríos,F,Mujeres,36.5265781346125,,
INF_TOI_NOAGRO_P2017,Tasa de ocupación informal excluyendo al sector agropecuario (proyecciones base 2017),2019-V01,2019 dic-feb,CHL14,Región de Los Ríos,_T,Ambos sexos,34.6383561493882,,
INF_TOI_NOAGRO_P2017,Tasa de ocupación informal excluyendo al sector agropecuario (proyecciones base 2017),2019-V01,2019 dic-feb,CHL14,Región de Los Ríos,M,Hombres,34.4797602749537,,
INF_TOI_NOAGRO_P2017,Tasa de ocupación informal excluyendo al sector agropecuario (proyecciones base 2017),2019-V01,2019 dic-feb,CHL14,Región de Los Ríos,F,Mujeres,34.8476490334905,,
INF_TOI_NOAGRO_P2017,Tasa de ocupación informal excluyendo al sector agropecuario (proyecciones base 2017),2019-V02,2019 ene-mar,CHL14,Región de Los Ríos,_T,Ambos sexos,35.0010759827713,,
INF_TOI_NOAGRO_P2017,Tasa de ocupación informal excluyendo al sector agropecuario (proyecciones base 2017),2019-V02,2019 ene-mar,CHL14,Región de Los Ríos,M,Hombres,35.0753667907912,,
INF_TOI_NOAGRO_P2017,Tasa de ocupación informal excluyendo al sector agropecuario (proyecciones base 2017),2019-V02,2019 ene-mar,CHL14,Región de Los Ríos,F,Mujeres,34.9050399904793,,
INF_TOI_NOAGRO_P2017,Tasa de ocupación informal excluyendo al sector agropecuario (proyecciones base 2017),2019-V03,2019 feb-abr,CHL14,Región de Los Ríos,_T,Ambos sexos,33.3505515789835,,
INF_TOI_NOAGRO_P2017,Tasa de ocupación informal excluyendo al sector agropecuario (proyecciones base 2017),2019-V03,2019 feb-abr,CHL14,Región de Los Ríos,M,Hombres,32.553984771564,,
INF_TOI_NOAGRO_P2017,Tasa de ocupación informal excluyendo al sector agropecuario (proyecciones base 2017),2019-V03,2019 feb-abr,CHL14,Región de Los Ríos,F,Mujeres,34.3309807827741,,
INF_TOI_NOAGRO_P2017,Tasa de ocupación informal excluyendo al sector agropecuario (proyecciones base 2017),2019-V04,2019 mar-may,CHL14,Región de Los Ríos,_T,Ambos sexos,33.6136812336604,,
INF_TOI_NOAGRO_P2017,Tasa de ocupación informal excluyendo al sector agropecuario (proyecciones base 2017),2019-V04,2019 mar-may,CHL14,Región de Los Ríos,M,Hombres,32.1163443237792,,
INF_TOI_NOAGRO_P2017,Tasa de ocupación informal excluyendo al sector agropecuario (proyecciones base 2017),2019-V04,2019 mar-may,CHL14,Región de Los Ríos,F,Mujeres,35.4006089245294,,
INF_TOI_NOAGRO_P2017,Tasa de ocupación informal excluyendo al sector agropecuario (proyecciones base 2017),2019-V05,2019 abr-jun,CHL14,Región de Los Ríos,_T,Ambos sexos,33.5794858489322,,
INF_TOI_NOAGRO_P2017,Tasa de ocupación informal excluyendo al sector agropecuario (proyecciones base 2017),2019-V05,2019 abr-jun,CHL14,Región de Los Ríos,M,Hombres,32.2135634204828,,
INF_TOI_NOAGRO_P2017,Tasa de ocupación informal excluyendo al sector agropecuario (proyecciones base 2017),2019-V05,2019 abr-jun,CHL14,Región de Los Ríos,F,Mujeres,35.1774183639905,,
INF_TOI_NOAGRO_P2017,Tasa de ocupación informal excluyendo al sector agropecuario (proyecciones base 2017),2019-V06,2019 may-jul,CHL14,Región de Los Ríos,_T,Ambos sexos,33.4857486375728,,
INF_TOI_NOAGRO_P2017,Tasa de ocupación informal excluyendo al sector agropecuario (proyecciones base 2017),2019-V06,2019 may-jul,CHL14,Región de Los Ríos,M,Hombres,32.3745370572472,,
INF_TOI_NOAGRO_P2017,Tasa de ocupación informal excluyendo al sector agropecuario (proyecciones base 2017),2019-V06,2019 may-jul,CHL14,Región de Los Ríos,F,Mujeres,34.7986984689795,,
INF_TOI_NOAGRO_P2017,Tasa de ocupación informal excluyendo al sector agropecuario (proyecciones base 2017),2019-V07,2019 jun-ago,CHL14,Región de Los Ríos,_T,Ambos sexos,34.0877312431374,,
INF_TOI_NOAGRO_P2017,Tasa de ocupación informal excluyendo al sector agropecuario (proyecciones base 2017),2019-V07,2019 jun-ago,CHL14,Región de Los Ríos,M,Hombres,32.6696160576604,,
INF_TOI_NOAGRO_P2017,Tasa de ocupación informal excluyendo al sector agropecuario (proyecciones base 2017),2019-V07,2019 jun-ago,CHL14,Región de Los Ríos,F,Mujeres,35.766869683572,,
INF_TOI_NOAGRO_P2017,Tasa de ocupación informal excluyendo al sector agropecuario (proyecciones base 2017),2019-V08,2019 jul-sep,CHL14,Región de Los Ríos,_T,Ambos sexos,33.3317799651228,,
INF_TOI_NOAGRO_P2017,Tasa de ocupación informal excluyendo al sector agropecuario (proyecciones base 2017),2019-V08,2019 jul-sep,CHL14,Región de Los Ríos,M,Hombres,31.8685592227779,,
INF_TOI_NOAGRO_P2017,Tasa de ocupación informal excluyendo al sector agropecuario (proyecciones base 2017),2019-V08,2019 jul-sep,CHL14,Región de Los Ríos,F,Mujeres,35.1290025351311,,
INF_TOI_NOAGRO_P2017,Tasa de ocupación informal excluyendo al sector agropecuario (proyecciones base 2017),2019-V09,2019 ago-oct,CHL14,Región de Los Ríos,_T,Ambos sexos,34.2439506309952,,
INF_TOI_NOAGRO_P2017,Tasa de ocupación informal excluyendo al sector agropecuario (proyecciones base 2017),2019-V09,2019 ago-oct,CHL14,Región de Los Ríos,M,Hombres,31.7571468109276,,
INF_TOI_NOAGRO_P2017,Tasa de ocupación informal excluyendo al sector agropecuario (proyecciones base 2017),2019-V09,2019 ago-oct,CHL14,Región de Los Ríos,F,Mujeres,37.3790373442401,,
INF_TOI_NOAGRO_P2017,Tasa de ocupación informal excluyendo al sector agropecuario (proyecciones base 2017),2019-V10,2019 sep-nov,CHL14,Región de Los Ríos,_T,Ambos sexos,34.335739653722,,
INF_TOI_NOAGRO_P2017,Tasa de ocupación informal excluyendo al sector agropecuario (proyecciones base 2017),2019-V10,2019 sep-nov,CHL14,Región de Los Ríos,M,Hombres,32.0865291925794,,
INF_TOI_NOAGRO_P2017,Tasa de ocupación informal excluyendo al sector agropecuario (proyecciones base 2017),2019-V10,2019 sep-nov,CHL14,Región de Los Ríos,F,Mujeres,37.2066276000412,,
INF_TOI_NOAGRO_P2017,Tasa de ocupación informal excluyendo al sector agropecuario (proyecciones base 2017),2019-V11,2019 oct-dic,CHL14,Región de Los Ríos,_T,Ambos sexos,34.4826847489572,,
INF_TOI_NOAGRO_P2017,Tasa de ocupación informal excluyendo al sector agropecuario (proyecciones base 2017),2019-V11,2019 oct-dic,CHL14,Región de Los Ríos,M,Hombres,33.0931036385265,,
INF_TOI_NOAGRO_P2017,Tasa de ocupación informal excluyendo al sector agropecuario (proyecciones base 2017),2019-V11,2019 oct-dic,CHL14,Región de Los Ríos,F,Mujeres,36.3009930698453,,
INF_TOI_NOAGRO_P2017,Tasa de ocupación informal excluyendo al sector agropecuario (proyecciones base 2017),2019-V12,2019 nov-ene,CHL14,Región de Los Ríos,_T,Ambos sexos,33.2319530326823,,
INF_TOI_NOAGRO_P2017,Tasa de ocupación informal excluyendo al sector agropecuario (proyecciones base 2017),2019-V12,2019 nov-ene,CHL14,Región de Los Ríos,M,Hombres,32.7955507237207,,
INF_TOI_NOAGRO_P2017,Tasa de ocupación informal excluyendo al sector agropecuario (proyecciones base 2017),2019-V12,2019 nov-ene,CHL14,Región de Los Ríos,F,Mujeres,33.7922947205035,,
INF_TOI_NOAGRO_P2017,Tasa de ocupación informal excluyendo al sector agropecuario (proyecciones base 2017),2020-V01,2020 dic-feb,CHL14,Región de Los Ríos,_T,Ambos sexos,33.7421056741996,,
INF_TOI_NOAGRO_P2017,Tasa de ocupación informal excluyendo al sector agropecuario (proyecciones base 2017),2020-V01,2020 dic-feb,CHL14,Región de Los Ríos,M,Hombres,33.172180158888,,
INF_TOI_NOAGRO_P2017,Tasa de ocupación informal excluyendo al sector agropecuario (proyecciones base 2017),2020-V01,2020 dic-feb,CHL14,Región de Los Ríos,F,Mujeres,34.4560278152146,,
INF_TOI_NOAGRO_P2017,Tasa de ocupación informal excluyendo al sector agropecuario (proyecciones base 2017),2020-V02,2020 ene-mar,CHL14,Región de Los Ríos,_T,Ambos sexos,33.00439206006,,
INF_TOI_NOAGRO_P2017,Tasa de ocupación informal excluyendo al sector agropecuario (proyecciones base 2017),2020-V02,2020 ene-mar,CHL14,Región de Los Ríos,M,Hombres,32.1010652923426,,
INF_TOI_NOAGRO_P2017,Tasa de ocupación informal excluyendo al sector agropecuario (proyecciones base 2017),2020-V02,2020 ene-mar,CHL14,Región de Los Ríos,F,Mujeres,34.1439242102337,,
INF_TOI_NOAGRO_P2017,Tasa de ocupación informal excluyendo al sector agropecuario (proyecciones base 2017),2020-V03,2020 feb-abr,CHL14,Región de Los Ríos,_T,Ambos sexos,32.1563224115798,,
INF_TOI_NOAGRO_P2017,Tasa de ocupación informal excluyendo al sector agropecuario (proyecciones base 2017),2020-V03,2020 feb-abr,CHL14,Región de Los Ríos,M,Hombres,32.9938180494022,,
INF_TOI_NOAGRO_P2017,Tasa de ocupación informal excluyendo al sector agropecuario (proyecciones base 2017),2020-V03,2020 feb-abr,CHL14,Región de Los Ríos,F,Mujeres,31.0976373860766,,
INF_TOI_NOAGRO_P2017,Tasa de ocupación informal excluyendo al sector agropecuario (proyecciones base 2017),2020-V04,2020 mar-may,CHL14,Región de Los Ríos,_T,Ambos sexos,29.8312925524257,,
INF_TOI_NOAGRO_P2017,Tasa de ocupación informal excluyendo al sector agropecuario (proyecciones base 2017),2020-V04,2020 mar-may,CHL14,Región de Los Ríos,M,Hombres,33.4104961873319,,
INF_TOI_NOAGRO_P2017,Tasa de ocupación informal excluyendo al sector agropecuario (proyecciones base 2017),2020-V04,2020 mar-may,CHL14,Región de Los Ríos,F,Mujeres,25.1364478732049,,
INF_TOI_NOAGRO_P2017,Tasa de ocupación informal excluyendo al sector agropecuario (proyecciones base 2017),2020-V05,2020 abr-jun,CHL14,Región de Los Ríos,_T,Ambos sexos,29.8019900432585,,
INF_TOI_NOAGRO_P2017,Tasa de ocupación informal excluyendo al sector agropecuario (proyecciones base 2017),2020-V05,2020 abr-jun,CHL14,Región de Los Ríos,M,Hombres,33.3924687691191,,
INF_TOI_NOAGRO_P2017,Tasa de ocupación informal excluyendo al sector agropecuario (proyecciones base 2017),2020-V05,2020 abr-jun,CHL14,Región de Los Ríos,F,Mujeres,25.0638938073349,,
INF_TOI_NOAGRO_P2017,Tasa de ocupación informal excluyendo al sector agropecuario (proyecciones base 2017),2020-V06,2020 may-jul,CHL14,Región de Los Ríos,_T,Ambos sexos,32.032453445438,,
INF_TOI_NOAGRO_P2017,Tasa de ocupación informal excluyendo al sector agropecuario (proyecciones base 2017),2020-V06,2020 may-jul,CHL14,Región de Los Ríos,M,Hombres,33.7452351141645,,
INF_TOI_NOAGRO_P2017,Tasa de ocupación informal excluyendo al sector agropecuario (proyecciones base 2017),2020-V06,2020 may-jul,CHL14,Región de Los Ríos,F,Mujeres,29.8571262990578,,
INF_TOI_NOAGRO_P2017,Tasa de ocupación informal excluyendo al sector agropecuario (proyecciones base 2017),2020-V07,2020 jun-ago,CHL14,Región de Los Ríos,_T,Ambos sexos,32.943653807246,,
INF_TOI_NOAGRO_P2017,Tasa de ocupación informal excluyendo al sector agropecuario (proyecciones base 2017),2020-V07,2020 jun-ago,CHL14,Región de Los Ríos,M,Hombres,32.9265510380971,,
INF_TOI_NOAGRO_P2017,Tasa de ocupación informal excluyendo al sector agropecuario (proyecciones base 2017),2020-V07,2020 jun-ago,CHL14,Región de Los Ríos,F,Mujeres,32.964381491928,,
INF_TOI_NOAGRO_P2017,Tasa de ocupación informal excluyendo al sector agropecuario (proyecciones base 2017),2020-V08,2020 jul-sep,CHL14,Región de Los Ríos,_T,Ambos sexos,33.8963895432246,,
INF_TOI_NOAGRO_P2017,Tasa de ocupación informal excluyendo al sector agropecuario (proyecciones base 2017),2020-V08,2020 jul-sep,CHL14,Región de Los Ríos,M,Hombres,34.7254541779683,,
INF_TOI_NOAGRO_P2017,Tasa de ocupación informal excluyendo al sector agropecuario (proyecciones base 2017),2020-V08,2020 jul-sep,CHL14,Región de Los Ríos,F,Mujeres,32.8549180502861,,
INF_TOI_NOAGRO_P2017,Tasa de ocupación informal excluyendo al sector agropecuario (proyecciones base 2017),2020-V09,2020 ago-oct,CHL14,Región de Los Ríos,_T,Ambos sexos,32.7959339446461,,
INF_TOI_NOAGRO_P2017,Tasa de ocupación informal excluyendo al sector agropecuario (proyecciones base 2017),2020-V09,2020 ago-oct,CHL14,Región de Los Ríos,M,Hombres,32.7761508127663,,
INF_TOI_NOAGRO_P2017,Tasa de ocupación informal excluyendo al sector agropecuario (proyecciones base 2017),2020-V09,2020 ago-oct,CHL14,Región de Los Ríos,F,Mujeres,32.8215716550215,,
INF_TOI_NOAGRO_P2017,Tasa de ocupación informal excluyendo al sector agropecuario (proyecciones base 2017),2020-V10,2020 sep-nov,CHL14,Región de Los Ríos,_T,Ambos sexos,31.9101987751816,,
INF_TOI_NOAGRO_P2017,Tasa de ocupación informal excluyendo al sector agropecuario (proyecciones base 2017),2020-V10,2020 sep-nov,CHL14,Región de Los Ríos,M,Hombres,32.5197849815914,,
INF_TOI_NOAGRO_P2017,Tasa de ocupación informal excluyendo al sector agropecuario (proyecciones base 2017),2020-V10,2020 sep-nov,CHL14,Región de Los Ríos,F,Mujeres,31.0891855368895,,
INF_TOI_NOAGRO_P2017,Tasa de ocupación informal excluyendo al sector agropecuario (proyecciones base 2017),2020-V11,2020 oct-dic,CHL14,Región de Los Ríos,_T,Ambos sexos,31.9648117149589,,
INF_TOI_NOAGRO_P2017,Tasa de ocupación informal excluyendo al sector agropecuario (proyecciones base 2017),2020-V11,2020 oct-dic,CHL14,Región de Los Ríos,M,Hombres,31.5929019200367,,
INF_TOI_NOAGRO_P2017,Tasa de ocupación informal excluyendo al sector agropecuario (proyecciones base 2017),2020-V11,2020 oct-dic,CHL14,Región de Los Ríos,F,Mujeres,32.4519560887155,,
INF_TOI_NOAGRO_P2017,Tasa de ocupación informal excluyendo al sector agropecuario (proyecciones base 2017),2020-V12,2020 nov-ene,CHL14,Región de Los Ríos,_T,Ambos sexos,32.6772663734513,,
INF_TOI_NOAGRO_P2017,Tasa de ocupación informal excluyendo al sector agropecuario (proyecciones base 2017),2020-V12,2020 nov-ene,CHL14,Región de Los Ríos,M,Hombres,33.1149695333923,,
INF_TOI_NOAGRO_P2017,Tasa de ocupación informal excluyendo al sector agropecuario (proyecciones base 2017),2020-V12,2020 nov-ene,CHL14,Región de Los Ríos,F,Mujeres,32.0910368946577,,
INF_TOI_NOAGRO_P2017,Tasa de ocupación informal excluyendo al sector agropecuario (proyecciones base 2017),2021-V01,2021 dic-feb,CHL14,Región de Los Ríos,_T,Ambos sexos,33.307108485459,,
INF_TOI_NOAGRO_P2017,Tasa de ocupación informal excluyendo al sector agropecuario (proyecciones base 2017),2021-V01,2021 dic-feb,CHL14,Región de Los Ríos,M,Hombres,33.225901470716,,
INF_TOI_NOAGRO_P2017,Tasa de ocupación informal excluyendo al sector agropecuario (proyecciones base 2017),2021-V01,2021 dic-feb,CHL14,Región de Los Ríos,F,Mujeres,33.4184897831368,,
INF_TOI_NOAGRO_P2017,Tasa de ocupación informal excluyendo al sector agropecuario (proyecciones base 2017),2021-V02,2021 ene-mar,CHL14,Región de Los Ríos,_T,Ambos sexos,33.7572137239184,,
INF_TOI_NOAGRO_P2017,Tasa de ocupación informal excluyendo al sector agropecuario (proyecciones base 2017),2021-V02,2021 ene-mar,CHL14,Región de Los Ríos,M,Hombres,35.0968054939188,,
INF_TOI_NOAGRO_P2017,Tasa de ocupación informal excluyendo al sector agropecuario (proyecciones base 2017),2021-V02,2021 ene-mar,CHL14,Región de Los Ríos,F,Mujeres,31.9988089601001,,
INF_TOI_NOAGRO_P2017,Tasa de ocupación informal excluyendo al sector agropecuario (proyecciones base 2017),2021-V03,2021 feb-abr,CHL14,Región de Los Ríos,_T,Ambos sexos,33.2460473610871,,
INF_TOI_NOAGRO_P2017,Tasa de ocupación informal excluyendo al sector agropecuario (proyecciones base 2017),2021-V03,2021 feb-abr,CHL14,Región de Los Ríos,M,Hombres,34.6338709993533,,
INF_TOI_NOAGRO_P2017,Tasa de ocupación informal excluyendo al sector agropecuario (proyecciones base 2017),2021-V03,2021 feb-abr,CHL14,Región de Los Ríos,F,Mujeres,31.4070449939227,,
INF_TOI_NOAGRO_P2017,Tasa de ocupación informal excluyendo al sector agropecuario (proyecciones base 2017),2021-V04,2021 mar-may,CHL14,Región de Los Ríos,_T,Ambos sexos,30.5225917396922,,
INF_TOI_NOAGRO_P2017,Tasa de ocupación informal excluyendo al sector agropecuario (proyecciones base 2017),2021-V04,2021 mar-may,CHL14,Región de Los Ríos,M,Hombres,32.1032133490268,,
INF_TOI_NOAGRO_P2017,Tasa de ocupación informal excluyendo al sector agropecuario (proyecciones base 2017),2021-V04,2021 mar-may,CHL14,Región de Los Ríos,F,Mujeres,28.4623079659997,,
INF_TOI_NOAGRO_P2017,Tasa de ocupación informal excluyendo al sector agropecuario (proyecciones base 2017),2021-V05,2021 abr-jun,CHL14,Región de Los Ríos,_T,Ambos sexos,30.3109822081362,,
INF_TOI_NOAGRO_P2017,Tasa de ocupación informal excluyendo al sector agropecuario (proyecciones base 2017),2021-V05,2021 abr-jun,CHL14,Región de Los Ríos,M,Hombres,32.5899175157282,,
INF_TOI_NOAGRO_P2017,Tasa de ocupación informal excluyendo al sector agropecuario (proyecciones base 2017),2021-V05,2021 abr-jun,CHL14,Región de Los Ríos,F,Mujeres,27.2555462659633,,
INF_TOI_NOAGRO_P2017,Tasa de ocupación informal excluyendo al sector agropecuario (proyecciones base 2017),2021-V06,2021 may-jul,CHL14,Región de Los Ríos,_T,Ambos sexos,31.1212417107503,,
INF_TOI_NOAGRO_P2017,Tasa de ocupación informal excluyendo al sector agropecuario (proyecciones base 2017),2021-V06,2021 may-jul,CHL14,Región de Los Ríos,M,Hombres,34.4266411857617,,
INF_TOI_NOAGRO_P2017,Tasa de ocupación informal excluyendo al sector agropecuario (proyecciones base 2017),2021-V06,2021 may-jul,CHL14,Región de Los Ríos,F,Mujeres,26.7739308497835,,
INF_TOI_NOAGRO_P2017,Tasa de ocupación informal excluyendo al sector agropecuario (proyecciones base 2017),2021-V07,2021 jun-ago,CHL14,Región de Los Ríos,_T,Ambos sexos,32.0296757949712,,
INF_TOI_NOAGRO_P2017,Tasa de ocupación informal excluyendo al sector agropecuario (proyecciones base 2017),2021-V07,2021 jun-ago,CHL14,Región de Los Ríos,M,Hombres,35.1420003549148,,
INF_TOI_NOAGRO_P2017,Tasa de ocupación informal excluyendo al sector agropecuario (proyecciones base 2017),2021-V07,2021 jun-ago,CHL14,Región de Los Ríos,F,Mujeres,27.7480688198339,,
INF_TOI_NOAGRO_P2017,Tasa de ocupación informal excluyendo al sector agropecuario (proyecciones base 2017),2021-V08,2021 jul-sep,CHL14,Región de Los Ríos,_T,Ambos sexos,29.535739837092,,
INF_TOI_NOAGRO_P2017,Tasa de ocupación informal excluyendo al sector agropecuario (proyecciones base 2017),2021-V08,2021 jul-sep,CHL14,Región de Los Ríos,M,Hombres,31.2012009697279,,
INF_TOI_NOAGRO_P2017,Tasa de ocupación informal excluyendo al sector agropecuario (proyecciones base 2017),2021-V08,2021 jul-sep,CHL14,Región de Los Ríos,F,Mujeres,27.2593185226019,,
INF_TOI_NOAGRO_P2017,Tasa de ocupación informal excluyendo al sector agropecuario (proyecciones base 2017),2021-V09,2021 ago-oct,CHL14,Región de Los Ríos,_T,Ambos sexos,30.1363341377102,,
INF_TOI_NOAGRO_P2017,Tasa de ocupación informal excluyendo al sector agropecuario (proyecciones base 2017),2021-V09,2021 ago-oct,CHL14,Región de Los Ríos,M,Hombres,31.8256020421123,,
INF_TOI_NOAGRO_P2017,Tasa de ocupación informal excluyendo al sector agropecuario (proyecciones base 2017),2021-V09,2021 ago-oct,CHL14,Región de Los Ríos,F,Mujeres,27.8144992711179,,
INF_TOI_NOAGRO_P2017,Tasa de ocupación informal excluyendo al sector agropecuario (proyecciones base 2017),2021-V10,2021 sep-nov,CHL14,Región de Los Ríos,_T,Ambos sexos,33.3867427674307,,
INF_TOI_NOAGRO_P2017,Tasa de ocupación informal excluyendo al sector agropecuario (proyecciones base 2017),2021-V10,2021 sep-nov,CHL14,Región de Los Ríos,M,Hombres,33.0446318469743,,
INF_TOI_NOAGRO_P2017,Tasa de ocupación informal excluyendo al sector agropecuario (proyecciones base 2017),2021-V10,2021 sep-nov,CHL14,Región de Los Ríos,F,Mujeres,33.8330470261235,,
INF_TOI_NOAGRO_P2017,Tasa de ocupación informal excluyendo al sector agropecuario (proyecciones base 2017),2021-V11,2021 oct-dic,CHL14,Región de Los Ríos,_T,Ambos sexos,33.2988870858237,,
INF_TOI_NOAGRO_P2017,Tasa de ocupación informal excluyendo al sector agropecuario (proyecciones base 2017),2021-V11,2021 oct-dic,CHL14,Región de Los Ríos,M,Hombres,31.5499201507594,,
INF_TOI_NOAGRO_P2017,Tasa de ocupación informal excluyendo al sector agropecuario (proyecciones base 2017),2021-V11,2021 oct-dic,CHL14,Región de Los Ríos,F,Mujeres,35.5526212841938,,
INF_TOI_NOAGRO_P2017,Tasa de ocupación informal excluyendo al sector agropecuario (proyecciones base 2017),2021-V12,2021 nov-ene,CHL14,Región de Los Ríos,_T,Ambos sexos,34.731946253637,,
INF_TOI_NOAGRO_P2017,Tasa de ocupación informal excluyendo al sector agropecuario (proyecciones base 2017),2021-V12,2021 nov-ene,CHL14,Región de Los Ríos,M,Hombres,32.7556657838303,,
INF_TOI_NOAGRO_P2017,Tasa de ocupación informal excluyendo al sector agropecuario (proyecciones base 2017),2021-V12,2021 nov-ene,CHL14,Región de Los Ríos,F,Mujeres,37.2161468675414,,
INF_TOI_NOAGRO_P2017,Tasa de ocupación informal excluyendo al sector agropecuario (proyecciones base 2017),2022-V01,2022 dic-feb,CHL14,Región de Los Ríos,_T,Ambos sexos,32.5046823088469,,
INF_TOI_NOAGRO_P2017,Tasa de ocupación informal excluyendo al sector agropecuario (proyecciones base 2017),2022-V01,2022 dic-feb,CHL14,Región de Los Ríos,M,Hombres,32.1704447943905,,
INF_TOI_NOAGRO_P2017,Tasa de ocupación informal excluyendo al sector agropecuario (proyecciones base 2017),2022-V01,2022 dic-feb,CHL14,Región de Los Ríos,F,Mujeres,32.934325216504,,
INF_TOI_NOAGRO_P2017,Tasa de ocupación informal excluyendo al sector agropecuario (proyecciones base 2017),2022-V02,2022 ene-mar,CHL14,Región de Los Ríos,_T,Ambos sexos,33.7545952919791,,
INF_TOI_NOAGRO_P2017,Tasa de ocupación informal excluyendo al sector agropecuario (proyecciones base 2017),2022-V02,2022 ene-mar,CHL14,Región de Los Ríos,M,Hombres,34.2729672542175,,
INF_TOI_NOAGRO_P2017,Tasa de ocupación informal excluyendo al sector agropecuario (proyecciones base 2017),2022-V02,2022 ene-mar,CHL14,Región de Los Ríos,F,Mujeres,33.0742352791528,,
INF_TOI_NOAGRO_P2017,Tasa de ocupación informal excluyendo al sector agropecuario (proyecciones base 2017),2022-V03,2022 feb-abr,CHL14,Región de Los Ríos,_T,Ambos sexos,33.1075204516236,,
INF_TOI_NOAGRO_P2017,Tasa de ocupación informal excluyendo al sector agropecuario (proyecciones base 2017),2022-V03,2022 feb-abr,CHL14,Región de Los Ríos,M,Hombres,32.9365315464639,,
INF_TOI_NOAGRO_P2017,Tasa de ocupación informal excluyendo al sector agropecuario (proyecciones base 2017),2022-V03,2022 feb-abr,CHL14,Región de Los Ríos,F,Mujeres,33.3281490013335,,
INF_TOI_NOAGRO_P2017,Tasa de ocupación informal excluyendo al sector agropecuario (proyecciones base 2017),2022-V04,2022 mar-may,CHL14,Región de Los Ríos,_T,Ambos sexos,31.0317195075353,,
INF_TOI_NOAGRO_P2017,Tasa de ocupación informal excluyendo al sector agropecuario (proyecciones base 2017),2022-V04,2022 mar-may,CHL14,Región de Los Ríos,M,Hombres,30.5660517994962,,
INF_TOI_NOAGRO_P2017,Tasa de ocupación informal excluyendo al sector agropecuario (proyecciones base 2017),2022-V04,2022 mar-may,CHL14,Región de Los Ríos,F,Mujeres,31.6205612955243,,
INF_TOI_NOAGRO_P2017,Tasa de ocupación informal excluyendo al sector agropecuario (proyecciones base 2017),2022-V05,2022 abr-jun,CHL14,Región de Los Ríos,_T,Ambos sexos,31.2949872915338,,
INF_TOI_NOAGRO_P2017,Tasa de ocupación informal excluyendo al sector agropecuario (proyecciones base 2017),2022-V05,2022 abr-jun,CHL14,Región de Los Ríos,M,Hombres,31.4043523535643,,
INF_TOI_NOAGRO_P2017,Tasa de ocupación informal excluyendo al sector agropecuario (proyecciones base 2017),2022-V05,2022 abr-jun,CHL14,Región de Los Ríos,F,Mujeres,31.1605629220726,,
INF_TOI_NOAGRO_P2017,Tasa de ocupación informal excluyendo al sector agropecuario (proyecciones base 2017),2022-V06,2022 may-jul,CHL14,Región de Los Ríos,_T,Ambos sexos,31.3857604108648,,
INF_TOI_NOAGRO_P2017,Tasa de ocupación informal excluyendo al sector agropecuario (proyecciones base 2017),2022-V06,2022 may-jul,CHL14,Región de Los Ríos,M,Hombres,31.4806299319769,,
INF_TOI_NOAGRO_P2017,Tasa de ocupación informal excluyendo al sector agropecuario (proyecciones base 2017),2022-V06,2022 may-jul,CHL14,Región de Los Ríos,F,Mujeres,31.2712465594518,,
INF_TOI_NOAGRO_P2017,Tasa de ocupación informal excluyendo al sector agropecuario (proyecciones base 2017),2022-V07,2022 jun-ago,CHL14,Región de Los Ríos,_T,Ambos sexos,31.5313073622412,,
INF_TOI_NOAGRO_P2017,Tasa de ocupación informal excluyendo al sector agropecuario (proyecciones base 2017),2022-V07,2022 jun-ago,CHL14,Región de Los Ríos,M,Hombres,30.3646833774798,,
INF_TOI_NOAGRO_P2017,Tasa de ocupación informal excluyendo al sector agropecuario (proyecciones base 2017),2022-V07,2022 jun-ago,CHL14,Región de Los Ríos,F,Mujeres,32.922781718231,,
INF_TOI_NOAGRO_P2017,Tasa de ocupación informal excluyendo al sector agropecuario (proyecciones base 2017),2022-V08,2022 jul-sep,CHL14,Región de Los Ríos,_T,Ambos sexos,32.2275746016233,,
INF_TOI_NOAGRO_P2017,Tasa de ocupación informal excluyendo al sector agropecuario (proyecciones base 2017),2022-V08,2022 jul-sep,CHL14,Región de Los Ríos,M,Hombres,30.4237396046341,,
INF_TOI_NOAGRO_P2017,Tasa de ocupación informal excluyendo al sector agropecuario (proyecciones base 2017),2022-V08,2022 jul-sep,CHL14,Región de Los Ríos,F,Mujeres,34.4126294981881,,
INF_TOI_NOAGRO_P2017,Tasa de ocupación informal excluyendo al sector agropecuario (proyecciones base 2017),2022-V09,2022 ago-oct,CHL14,Región de Los Ríos,_T,Ambos sexos,31.9484090130295,,
INF_TOI_NOAGRO_P2017,Tasa de ocupación informal excluyendo al sector agropecuario (proyecciones base 2017),2022-V09,2022 ago-oct,CHL14,Región de Los Ríos,M,Hombres,30.7684577470135,,
INF_TOI_NOAGRO_P2017,Tasa de ocupación informal excluyendo al sector agropecuario (proyecciones base 2017),2022-V09,2022 ago-oct,CHL14,Región de Los Ríos,F,Mujeres,33.3777189543091,,
INF_TOI_NOAGRO_P2017,Tasa de ocupación informal excluyendo al sector agropecuario (proyecciones base 2017),2022-V10,2022 sep-nov,CHL14,Región de Los Ríos,_T,Ambos sexos,31.5583676573096,,
INF_TOI_NOAGRO_P2017,Tasa de ocupación informal excluyendo al sector agropecuario (proyecciones base 2017),2022-V10,2022 sep-nov,CHL14,Región de Los Ríos,M,Hombres,29.9474509299231,,
INF_TOI_NOAGRO_P2017,Tasa de ocupación informal excluyendo al sector agropecuario (proyecciones base 2017),2022-V10,2022 sep-nov,CHL14,Región de Los Ríos,F,Mujeres,33.5152917722191,,
INF_TOI_NOAGRO_P2017,Tasa de ocupación informal excluyendo al sector agropecuario (proyecciones base 2017),2022-V11,2022 oct-dic,CHL14,Región de Los Ríos,_T,Ambos sexos,31.4574883058794,,
INF_TOI_NOAGRO_P2017,Tasa de ocupación informal excluyendo al sector agropecuario (proyecciones base 2017),2022-V11,2022 oct-dic,CHL14,Región de Los Ríos,M,Hombres,29.448056601148,,
INF_TOI_NOAGRO_P2017,Tasa de ocupación informal excluyendo al sector agropecuario (proyecciones base 2017),2022-V11,2022 oct-dic,CHL14,Región de Los Ríos,F,Mujeres,33.8233914935206,,
INF_TOI_NOAGRO_P2017,Tasa de ocupación informal excluyendo al sector agropecuario (proyecciones base 2017),2022-V12,2022 nov-ene,CHL14,Región de Los Ríos,_T,Ambos sexos,31.3583932518862,,
INF_TOI_NOAGRO_P2017,Tasa de ocupación informal excluyendo al sector agropecuario (proyecciones base 2017),2022-V12,2022 nov-ene,CHL14,Región de Los Ríos,M,Hombres,29.1196730422545,,
INF_TOI_NOAGRO_P2017,Tasa de ocupación informal excluyendo al sector agropecuario (proyecciones base 2017),2022-V12,2022 nov-ene,CHL14,Región de Los Ríos,F,Mujeres,34.0261962962095,,
INF_TOI_NOAGRO_P2017,Tasa de ocupación informal excluyendo al sector agropecuario (proyecciones base 2017),2023-V01,2023 dic-feb,CHL14,Región de Los Ríos,_T,Ambos sexos,34.4216080314952,,
INF_TOI_NOAGRO_P2017,Tasa de ocupación informal excluyendo al sector agropecuario (proyecciones base 2017),2023-V01,2023 dic-feb,CHL14,Región de Los Ríos,M,Hombres,31.8611287228617,,
INF_TOI_NOAGRO_P2017,Tasa de ocupación informal excluyendo al sector agropecuario (proyecciones base 2017),2023-V01,2023 dic-feb,CHL14,Región de Los Ríos,F,Mujeres,37.4619855299262,,
INF_TOI_NOAGRO_P2017,Tasa de ocupación informal excluyendo al sector agropecuario (proyecciones base 2017),2023-V02,2023 ene-mar,CHL14,Región de Los Ríos,_T,Ambos sexos,33.7760591337911,,
INF_TOI_NOAGRO_P2017,Tasa de ocupación informal excluyendo al sector agropecuario (proyecciones base 2017),2023-V02,2023 ene-mar,CHL14,Región de Los Ríos,M,Hombres,32.2048260400585,,
INF_TOI_NOAGRO_P2017,Tasa de ocupación informal excluyendo al sector agropecuario (proyecciones base 2017),2023-V02,2023 ene-mar,CHL14,Región de Los Ríos,F,Mujeres,35.6436074728445,,
INF_TOI_NOAGRO_P2017,Tasa de ocupación informal excluyendo al sector agropecuario (proyecciones base 2017),2023-V03,2023 feb-abr,CHL14,Región de Los Ríos,_T,Ambos sexos,34.7192705292085,,
INF_TOI_NOAGRO_P2017,Tasa de ocupación informal excluyendo al sector agropecuario (proyecciones base 2017),2023-V03,2023 feb-abr,CHL14,Región de Los Ríos,M,Hombres,33.8179721288541,,
INF_TOI_NOAGRO_P2017,Tasa de ocupación informal excluyendo al sector agropecuario (proyecciones base 2017),2023-V03,2023 feb-abr,CHL14,Región de Los Ríos,F,Mujeres,35.865892261676,,
INF_TOI_NOAGRO_P2017,Tasa de ocupación informal excluyendo al sector agropecuario (proyecciones base 2017),2023-V04,2023 mar-may,CHL14,Región de Los Ríos,_T,Ambos sexos,33.2873303562274,,
INF_TOI_NOAGRO_P2017,Tasa de ocupación informal excluyendo al sector agropecuario (proyecciones base 2017),2023-V04,2023 mar-may,CHL14,Región de Los Ríos,M,Hombres,34.8668988133563,,
INF_TOI_NOAGRO_P2017,Tasa de ocupación informal excluyendo al sector agropecuario (proyecciones base 2017),2023-V04,2023 mar-may,CHL14,Región de Los Ríos,F,Mujeres,31.1918553290931,,
INF_TOI_NOAGRO_P2017,Tasa de ocupación informal excluyendo al sector agropecuario (proyecciones base 2017),2023-V05,2023 abr-jun,CHL14,Región de Los Ríos,_T,Ambos sexos,32.8158879307547,,
INF_TOI_NOAGRO_P2017,Tasa de ocupación informal excluyendo al sector agropecuario (proyecciones base 2017),2023-V05,2023 abr-jun,CHL14,Región de Los Ríos,M,Hombres,35.0637542377081,,
INF_TOI_NOAGRO_P2017,Tasa de ocupación informal excluyendo al sector agropecuario (proyecciones base 2017),2023-V05,2023 abr-jun,CHL14,Región de Los Ríos,F,Mujeres,29.8527273678471,,
INF_TOI_NOAGRO_P2017,Tasa de ocupación informal excluyendo al sector agropecuario (proyecciones base 2017),2023-V06,2023 may-jul,CHL14,Región de Los Ríos,_T,Ambos sexos,32.9438174452918,,
INF_TOI_NOAGRO_P2017,Tasa de ocupación informal excluyendo al sector agropecuario (proyecciones base 2017),2023-V06,2023 may-jul,CHL14,Región de Los Ríos,M,Hombres,33.0777323208291,,
INF_TOI_NOAGRO_P2017,Tasa de ocupación informal excluyendo al sector agropecuario (proyecciones base 2017),2023-V06,2023 may-jul,CHL14,Región de Los Ríos,F,Mujeres,32.782031480473,,
INF_TOI_NOAGRO_P2017,Tasa de ocupación informal excluyendo al sector agropecuario (proyecciones base 2017),2023-V07,2023 jun-ago,CHL14,Región de Los Ríos,_T,Ambos sexos,32.9822782434127,,
INF_TOI_NOAGRO_P2017,Tasa de ocupación informal excluyendo al sector agropecuario (proyecciones base 2017),2023-V07,2023 jun-ago,CHL14,Región de Los Ríos,M,Hombres,32.0731764192396,,
INF_TOI_NOAGRO_P2017,Tasa de ocupación informal excluyendo al sector agropecuario (proyecciones base 2017),2023-V07,2023 jun-ago,CHL14,Región de Los Ríos,F,Mujeres,33.9817105732394,,
INF_TOI_NOAGRO_P2017,Tasa de ocupación informal excluyendo al sector agropecuario (proyecciones base 2017),2023-V08,2023 jul-sep,CHL14,Región de Los Ríos,_T,Ambos sexos,33.6878206394885,,
INF_TOI_NOAGRO_P2017,Tasa de ocupación informal excluyendo al sector agropecuario (proyecciones base 2017),2023-V08,2023 jul-sep,CHL14,Región de Los Ríos,M,Hombres,31.5740691575564,,
INF_TOI_NOAGRO_P2017,Tasa de ocupación informal excluyendo al sector agropecuario (proyecciones base 2017),2023-V08,2023 jul-sep,CHL14,Región de Los Ríos,F,Mujeres,36.0211044152608,,
INF_TOI_NOAGRO_P2017,Tasa de ocupación informal excluyendo al sector agropecuario (proyecciones base 2017),2023-V09,2023 ago-oct,CHL14,Región de Los Ríos,_T,Ambos sexos,32.5385458479465,,
INF_TOI_NOAGRO_P2017,Tasa de ocupación informal excluyendo al sector agropecuario (proyecciones base 2017),2023-V09,2023 ago-oct,CHL14,Región de Los Ríos,M,Hombres,30.4783113962249,,
INF_TOI_NOAGRO_P2017,Tasa de ocupación informal excluyendo al sector agropecuario (proyecciones base 2017),2023-V09,2023 ago-oct,CHL14,Región de Los Ríos,F,Mujeres,34.8647901924367,,
INF_TOI_NOAGRO_P2017,Tasa de ocupación informal excluyendo al sector agropecuario (proyecciones base 2017),2023-V10,2023 sep-nov,CHL14,Región de Los Ríos,_T,Ambos sexos,32.1144745868244,,
INF_TOI_NOAGRO_P2017,Tasa de ocupación informal excluyendo al sector agropecuario (proyecciones base 2017),2023-V10,2023 sep-nov,CHL14,Región de Los Ríos,M,Hombres,29.5949836013739,,
INF_TOI_NOAGRO_P2017,Tasa de ocupación informal excluyendo al sector agropecuario (proyecciones base 2017),2023-V10,2023 sep-nov,CHL14,Región de Los Ríos,F,Mujeres,35.028057924357,,
INF_TOI_NOAGRO_P2017,Tasa de ocupación informal excluyendo al sector agropecuario (proyecciones base 2017),2023-V11,2023 oct-dic,CHL14,Región de Los Ríos,_T,Ambos sexos,31.039530102416,,
INF_TOI_NOAGRO_P2017,Tasa de ocupación informal excluyendo al sector agropecuario (proyecciones base 2017),2023-V11,2023 oct-dic,CHL14,Región de Los Ríos,M,Hombres,29.1627488281504,,
INF_TOI_NOAGRO_P2017,Tasa de ocupación informal excluyendo al sector agropecuario (proyecciones base 2017),2023-V11,2023 oct-dic,CHL14,Región de Los Ríos,F,Mujeres,33.1952616992267,,
INF_TOI_NOAGRO_P2017,Tasa de ocupación informal excluyendo al sector agropecuario (proyecciones base 2017),2023-V12,2023 nov-ene,CHL14,Región de Los Ríos,_T,Ambos sexos,31.8042286376497,,
INF_TOI_NOAGRO_P2017,Tasa de ocupación informal excluyendo al sector agropecuario (proyecciones base 2017),2023-V12,2023 nov-ene,CHL14,Región de Los Ríos,M,Hombres,30.1456398880481,,
INF_TOI_NOAGRO_P2017,Tasa de ocupación informal excluyendo al sector agropecuario (proyecciones base 2017),2023-V12,2023 nov-ene,CHL14,Región de Los Ríos,F,Mujeres,33.7530638032486,,
INF_TOI_NOAGRO_P2017,Tasa de ocupación informal excluyendo al sector agropecuario (proyecciones base 2017),2024-V01,2024 dic-feb,CHL14,Región de Los Ríos,_T,Ambos sexos,32.4400082622772,,
INF_TOI_NOAGRO_P2017,Tasa de ocupación informal excluyendo al sector agropecuario (proyecciones base 2017),2024-V01,2024 dic-feb,CHL14,Región de Los Ríos,M,Hombres,31.4811451921274,,
INF_TOI_NOAGRO_P2017,Tasa de ocupación informal excluyendo al sector agropecuario (proyecciones base 2017),2024-V01,2024 dic-feb,CHL14,Región de Los Ríos,F,Mujeres,33.5790488828105,,
INF_TOI_NOAGRO_P2017,Tasa de ocupación informal excluyendo al sector agropecuario (proyecciones base 2017),2024-V02,2024 ene-mar,CHL14,Región de Los Ríos,_T,Ambos sexos,34.2384926225436,,
INF_TOI_NOAGRO_P2017,Tasa de ocupación informal excluyendo al sector agropecuario (proyecciones base 2017),2024-V02,2024 ene-mar,CHL14,Región de Los Ríos,M,Hombres,33.5811579535002,,
INF_TOI_NOAGRO_P2017,Tasa de ocupación informal excluyendo al sector agropecuario (proyecciones base 2017),2024-V02,2024 ene-mar,CHL14,Región de Los Ríos,F,Mujeres,35.0028164981939,,
INF_TOI_NOAGRO_P2017,Tasa de ocupación informal excluyendo al sector agropecuario (proyecciones base 2017),2024-V03,2024 feb-abr,CHL14,Región de Los Ríos,_T,Ambos sexos,32.930370889176,,
INF_TOI_NOAGRO_P2017,Tasa de ocupación informal excluyendo al sector agropecuario (proyecciones base 2017),2024-V03,2024 feb-abr,CHL14,Región de Los Ríos,M,Hombres,32.0022528260656,,
INF_TOI_NOAGRO_P2017,Tasa de ocupación informal excluyendo al sector agropecuario (proyecciones base 2017),2024-V03,2024 feb-abr,CHL14,Región de Los Ríos,F,Mujeres,33.9834992432311,,
INF_TOI_NOAGRO_P2017,Tasa de ocupación informal excluyendo al sector agropecuario (proyecciones base 2017),2024-V04,2024 mar-may,CHL14,Región de Los Ríos,_T,Ambos sexos,31.9532212468106,,
INF_TOI_NOAGRO_P2017,Tasa de ocupación informal excluyendo al sector agropecuario (proyecciones base 2017),2024-V04,2024 mar-may,CHL14,Región de Los Ríos,M,Hombres,31.0636337759664,,
INF_TOI_NOAGRO_P2017,Tasa de ocupación informal excluyendo al sector agropecuario (proyecciones base 2017),2024-V04,2024 mar-may,CHL14,Región de Los Ríos,F,Mujeres,32.9643028171756,,
