DTI_CL_INDICADOR,Indicador,DTI_CL_TRIMESTRE_MOVIL,Trimestre Móvil,DTI_CL_REGION,Región,DTI_CL_SEXO,Sexo,Value,Flag Codes,Flags,Value_Original,Unidad
INF_OCU_INF,Ocupados informales (proyecciones base 2002),2017-V09,2017 ago-oct,CHL14,Región de Los Ríos,F,Mujeres,29756,,,29.75574522692,Personas
INF_OCU_INF_P2017,Ocupados informales (proyecciones base 2017),2017-V09,2017 ago-oct,CHL14,Región de Los Ríos,F,Mujeres,29463,,,29.4632790786518,Personas
INF_OCU_INF,Ocupados informales (proyecciones base 2002),2017-V08,2017 jul-sep,CHL14,Región de Los Ríos,F,Mujeres,28773,,,28.77293103806,Personas
INF_OCU_INF_P2017,Ocupados informales (proyecciones base 2017),2017-V08,2017 jul-sep,CHL14,Región de Los Ríos,F,Mujeres,28833,,,28.8328103441544,Personas
INF_OCU_INF,Ocupados informales (proyecciones base 2002),2017-V12,2017 nov-ene,CHL14,Región de Los Ríos,F,Mujeres,28977,,,28.97718081304,Personas
INF_OCU_INF_P2017,Ocupados informales (proyecciones base 2017),2017-V12,2017 nov-ene,CHL14,Región de Los Ríos,F,Mujeres,29064,,,29.0640604798702,Personas
INF_OCU_INF,Ocupados informales (proyecciones base 2002),2017-V11,2017 oct-dic,CHL14,Región de Los Ríos,F,Mujeres,29347,,,29.34746382104,Personas
INF_OCU_INF_P2017,Ocupados informales (proyecciones base 2017),2017-V11,2017 oct-dic,CHL14,Región de Los Ríos,F,Mujeres,29210,,,29.2097371202914,Personas
INF_OCU_INF,Ocupados informales (proyecciones base 2002),2017-V10,2017 sep-nov,CHL14,Región de Los Ríos,F,Mujeres,28557,,,28.55678534348,Personas
INF_OCU_INF_P2017,Ocupados informales (proyecciones base 2017),2017-V10,2017 sep-nov,CHL14,Región de Los Ríos,F,Mujeres,28458,,,28.4583102807379,Personas
INF_OCU_INF,Ocupados informales (proyecciones base 2002),2018-V05,2018 abr-jun,CHL14,Región de Los Ríos,F,Mujeres,33972,,,33.9720459764,Personas
INF_OCU_INF_P2017,Ocupados informales (proyecciones base 2017),2018-V05,2018 abr-jun,CHL14,Región de Los Ríos,F,Mujeres,33598,,,33.5977735382258,Personas
INF_OCU_INF,Ocupados informales (proyecciones base 2002),2018-V09,2018 ago-oct,CHL14,Región de Los Ríos,F,Mujeres,31516,,,31.5162967917,Personas
INF_OCU_INF_P2017,Ocupados informales (proyecciones base 2017),2018-V09,2018 ago-oct,CHL14,Región de Los Ríos,F,Mujeres,30813,,,30.813282007439,Personas
INF_OCU_INF,Ocupados informales (proyecciones base 2002),2018-V01,2018 dic-feb,CHL14,Región de Los Ríos,F,Mujeres,29953,,,29.95278847995,Personas
INF_OCU_INF_P2017,Ocupados informales (proyecciones base 2017),2018-V01,2018 dic-feb,CHL14,Región de Los Ríos,F,Mujeres,29343,,,29.3428061917221,Personas
INF_OCU_INF,Ocupados informales (proyecciones base 2002),2018-V02,2018 ene-mar,CHL14,Región de Los Ríos,F,Mujeres,31186,,,31.18634052267,Personas
INF_OCU_INF_P2017,Ocupados informales (proyecciones base 2017),2018-V02,2018 ene-mar,CHL14,Región de Los Ríos,F,Mujeres,30331,,,30.3313371285904,Personas
INF_OCU_INF,Ocupados informales (proyecciones base 2002),2018-V03,2018 feb-abr,CHL14,Región de Los Ríos,F,Mujeres,34149,,,34.14862612069,Personas
INF_OCU_INF_P2017,Ocupados informales (proyecciones base 2017),2018-V03,2018 feb-abr,CHL14,Región de Los Ríos,F,Mujeres,33801,,,33.8005133698856,Personas
INF_OCU_INF,Ocupados informales (proyecciones base 2002),2018-V08,2018 jul-sep,CHL14,Región de Los Ríos,F,Mujeres,31406,,,31.40603377621,Personas
INF_OCU_INF_P2017,Ocupados informales (proyecciones base 2017),2018-V08,2018 jul-sep,CHL14,Región de Los Ríos,F,Mujeres,32042,,,32.0422191078956,Personas
INF_OCU_INF,Ocupados informales (proyecciones base 2002),2018-V07,2018 jun-ago,CHL14,Región de Los Ríos,F,Mujeres,32942,,,32.94174304226,Personas
INF_OCU_INF_P2017,Ocupados informales (proyecciones base 2017),2018-V07,2018 jun-ago,CHL14,Región de Los Ríos,F,Mujeres,33704,,,33.7039067918075,Personas
INF_OCU_INF,Ocupados informales (proyecciones base 2002),2018-V04,2018 mar-may,CHL14,Región de Los Ríos,F,Mujeres,32965,,,32.96458516297,Personas
INF_OCU_INF_P2017,Ocupados informales (proyecciones base 2017),2018-V04,2018 mar-may,CHL14,Región de Los Ríos,F,Mujeres,32840,,,32.8401226184155,Personas
INF_OCU_INF,Ocupados informales (proyecciones base 2002),2018-V06,2018 may-jul,CHL14,Región de Los Ríos,F,Mujeres,33858,,,33.85780704985,Personas
INF_OCU_INF_P2017,Ocupados informales (proyecciones base 2017),2018-V06,2018 may-jul,CHL14,Región de Los Ríos,F,Mujeres,34369,,,34.3688523165443,Personas
INF_OCU_INF,Ocupados informales (proyecciones base 2002),2018-V12,2018 nov-ene,CHL14,Región de Los Ríos,F,Mujeres,30541,,,30.5410285374716,Personas
INF_OCU_INF_P2017,Ocupados informales (proyecciones base 2017),2018-V12,2018 nov-ene,CHL14,Región de Los Ríos,F,Mujeres,29833,,,29.8328155826828,Personas
INF_OCU_INF,Ocupados informales (proyecciones base 2002),2018-V11,2018 oct-dic,CHL14,Región de Los Ríos,F,Mujeres,32877,,,32.8769353239479,Personas
INF_OCU_INF_P2017,Ocupados informales (proyecciones base 2017),2018-V11,2018 oct-dic,CHL14,Región de Los Ríos,F,Mujeres,32281,,,32.2810142171682,Personas
INF_OCU_INF,Ocupados informales (proyecciones base 2002),2018-V10,2018 sep-nov,CHL14,Región de Los Ríos,F,Mujeres,32578,,,32.5778100790109,Personas
INF_OCU_INF_P2017,Ocupados informales (proyecciones base 2017),2018-V10,2018 sep-nov,CHL14,Región de Los Ríos,F,Mujeres,32210,,,32.209714539761,Personas
INF_OCU_INF,Ocupados informales (proyecciones base 2002),2019-V05,2019 abr-jun,CHL14,Región de Los Ríos,F,Mujeres,30249,,,30.2490630773414,Personas
INF_OCU_INF_P2017,Ocupados informales (proyecciones base 2017),2019-V05,2019 abr-jun,CHL14,Región de Los Ríos,F,Mujeres,29203,,,29.2033634806866,Personas
INF_OCU_INF,Ocupados informales (proyecciones base 2002),2019-V09,2019 ago-oct,CHL14,Región de Los Ríos,F,Mujeres,29778,,,29.7781568093707,Personas
INF_OCU_INF_P2017,Ocupados informales (proyecciones base 2017),2019-V09,2019 ago-oct,CHL14,Región de Los Ríos,F,Mujeres,28999,,,28.9991684423138,Personas
INF_OCU_INF,Ocupados informales (proyecciones base 2002),2019-V01,2019 dic-feb,CHL14,Región de Los Ríos,F,Mujeres,28430,,,28.4303911272216,Personas
INF_OCU_INF_P2017,Ocupados informales (proyecciones base 2017),2019-V01,2019 dic-feb,CHL14,Región de Los Ríos,F,Mujeres,28257,,,28.2574243501881,Personas
INF_OCU_INF,Ocupados informales (proyecciones base 2002),2019-V02,2019 ene-mar,CHL14,Región de Los Ríos,F,Mujeres,27465,,,27.4651867558186,Personas
INF_OCU_INF_P2017,Ocupados informales (proyecciones base 2017),2019-V02,2019 ene-mar,CHL14,Región de Los Ríos,F,Mujeres,28347,,,28.347248302826,Personas
INF_OCU_INF,Ocupados informales (proyecciones base 2002),2019-V03,2019 feb-abr,CHL14,Región de Los Ríos,F,Mujeres,26764,,,26.7635826862005,Personas
INF_OCU_INF_P2017,Ocupados informales (proyecciones base 2017),2019-V03,2019 feb-abr,CHL14,Región de Los Ríos,F,Mujeres,27633,,,27.6333653152215,Personas
INF_OCU_INF,Ocupados informales (proyecciones base 2002),2019-V08,2019 jul-sep,CHL14,Región de Los Ríos,F,Mujeres,28873,,,28.8731814390508,Personas
INF_OCU_INF_P2017,Ocupados informales (proyecciones base 2017),2019-V08,2019 jul-sep,CHL14,Región de Los Ríos,F,Mujeres,27700,,,27.6995631471512,Personas
INF_OCU_INF,Ocupados informales (proyecciones base 2002),2019-V07,2019 jun-ago,CHL14,Región de Los Ríos,F,Mujeres,29228,,,29.2275941134085,Personas
INF_OCU_INF_P2017,Ocupados informales (proyecciones base 2017),2019-V07,2019 jun-ago,CHL14,Región de Los Ríos,F,Mujeres,28954,,,28.954489393435,Personas
INF_OCU_INF,Ocupados informales (proyecciones base 2002),2019-V04,2019 mar-may,CHL14,Región de Los Ríos,F,Mujeres,29189,,,29.1885128916752,Personas
INF_OCU_INF_P2017,Ocupados informales (proyecciones base 2017),2019-V04,2019 mar-may,CHL14,Región de Los Ríos,F,Mujeres,28684,,,28.6838376041533,Personas
INF_OCU_INF,Ocupados informales (proyecciones base 2002),2019-V06,2019 may-jul,CHL14,Región de Los Ríos,F,Mujeres,30276,,,30.2762314519021,Personas
INF_OCU_INF_P2017,Ocupados informales (proyecciones base 2017),2019-V06,2019 may-jul,CHL14,Región de Los Ríos,F,Mujeres,29166,,,29.1658546872983,Personas
INF_OCU_INF_P2017,Ocupados informales (proyecciones base 2017),2019-V12,2019 nov-ene,CHL14,Región de Los Ríos,F,Mujeres,29060,,,29.0603775329298,Personas
INF_OCU_INF,Ocupados informales (proyecciones base 2002),2019-V11,2019 oct-dic,CHL14,Región de Los Ríos,F,Mujeres,29863,,,29.8633593509912,Personas
INF_OCU_INF_P2017,Ocupados informales (proyecciones base 2017),2019-V11,2019 oct-dic,CHL14,Región de Los Ríos,F,Mujeres,29685,,,29.6853172743537,Personas
INF_OCU_INF,Ocupados informales (proyecciones base 2002),2019-V10,2019 sep-nov,CHL14,Región de Los Ríos,F,Mujeres,30113,,,30.112549920821,Personas
INF_OCU_INF_P2017,Ocupados informales (proyecciones base 2017),2019-V10,2019 sep-nov,CHL14,Región de Los Ríos,F,Mujeres,29522,,,29.5215723910841,Personas
INF_OCU_INF_P2017,Ocupados informales (proyecciones base 2017),2020-V05,2020 abr-jun,CHL14,Región de Los Ríos,F,Mujeres,14476,,,14.4757557016801,Personas
INF_OCU_INF_P2017,Ocupados informales (proyecciones base 2017),2020-V09,2020 ago-oct,CHL14,Región de Los Ríos,F,Mujeres,20802,,,20.8018886656771,Personas
INF_OCU_INF_P2017,Ocupados informales (proyecciones base 2017),2020-V01,2020 dic-feb,CHL14,Región de Los Ríos,F,Mujeres,29510,,,29.5096776794153,Personas
INF_OCU_INF_P2017,Ocupados informales (proyecciones base 2017),2020-V02,2020 ene-mar,CHL14,Región de Los Ríos,F,Mujeres,27425,,,27.4248845591511,Personas
INF_OCU_INF_P2017,Ocupados informales (proyecciones base 2017),2020-V03,2020 feb-abr,CHL14,Región de Los Ríos,F,Mujeres,22175,,,22.1747291170215,Personas
INF_OCU_INF_P2017,Ocupados informales (proyecciones base 2017),2020-V08,2020 jul-sep,CHL14,Región de Los Ríos,F,Mujeres,19513,,,19.5128637496025,Personas
INF_OCU_INF_P2017,Ocupados informales (proyecciones base 2017),2020-V07,2020 jun-ago,CHL14,Región de Los Ríos,F,Mujeres,19659,,,19.658806985395,Personas
INF_OCU_INF_P2017,Ocupados informales (proyecciones base 2017),2020-V04,2020 mar-may,CHL14,Región de Los Ríos,F,Mujeres,15289,,,15.2889429652622,Personas
INF_OCU_INF_P2017,Ocupados informales (proyecciones base 2017),2020-V06,2020 may-jul,CHL14,Región de Los Ríos,F,Mujeres,17073,,,17.0731371209537,Personas
INF_OCU_INF_P2017,Ocupados informales (proyecciones base 2017),2020-V12,2020 nov-ene,CHL14,Región de Los Ríos,F,Mujeres,20328,,,20.3281269689102,Personas
INF_OCU_INF_P2017,Ocupados informales (proyecciones base 2017),2020-V11,2020 oct-dic,CHL14,Región de Los Ríos,F,Mujeres,21885,,,21.8849302217941,Personas
INF_OCU_INF_P2017,Ocupados informales (proyecciones base 2017),2020-V10,2020 sep-nov,CHL14,Región de Los Ríos,F,Mujeres,20603,,,20.6029303309571,Personas
INF_OCU_INF_P2017,Ocupados informales (proyecciones base 2017),2021-V05,2021 abr-jun,CHL14,Región de Los Ríos,F,Mujeres,17807,,,17.8072716706217,Personas
INF_OCU_INF_P2017,Ocupados informales (proyecciones base 2017),2021-V09,2021 ago-oct,CHL14,Región de Los Ríos,F,Mujeres,18994,,,18.9941591844538,Personas
INF_OCU_INF_P2017,Ocupados informales (proyecciones base 2017),2021-V01,2021 dic-feb,CHL14,Región de Los Ríos,F,Mujeres,20469,,,20.4693331029746,Personas
INF_OCU_INF_P2017,Ocupados informales (proyecciones base 2017),2021-V02,2021 ene-mar,CHL14,Región de Los Ríos,F,Mujeres,20610,,,20.6102928213592,Personas
INF_OCU_INF_P2017,Ocupados informales (proyecciones base 2017),2021-V03,2021 feb-abr,CHL14,Región de Los Ríos,F,Mujeres,20561,,,20.5609110069894,Personas
INF_OCU_INF_P2017,Ocupados informales (proyecciones base 2017),2021-V08,2021 jul-sep,CHL14,Región de Los Ríos,F,Mujeres,17523,,,17.5225630950319,Personas
INF_OCU_INF_P2017,Ocupados informales (proyecciones base 2017),2021-V07,2021 jun-ago,CHL14,Región de Los Ríos,F,Mujeres,17358,,,17.3575449695589,Personas
INF_OCU_INF_P2017,Ocupados informales (proyecciones base 2017),2021-V04,2021 mar-may,CHL14,Región de Los Ríos,F,Mujeres,18925,,,18.9248124207452,Personas
INF_OCU_INF_P2017,Ocupados informales (proyecciones base 2017),2021-V06,2021 may-jul,CHL14,Región de Los Ríos,F,Mujeres,17167,,,17.1671259094193,Personas
INF_OCU_INF_P2017,Ocupados informales (proyecciones base 2017),2021-V12,2021 nov-ene,CHL14,Región de Los Ríos,F,Mujeres,27821,,,27.821253897641,Personas
INF_OCU_INF_P2017,Ocupados informales (proyecciones base 2017),2021-V11,2021 oct-dic,CHL14,Región de Los Ríos,F,Mujeres,26229,,,26.2289213684543,Personas
INF_OCU_INF_P2017,Ocupados informales (proyecciones base 2017),2021-V10,2021 sep-nov,CHL14,Región de Los Ríos,F,Mujeres,24386,,,24.3862968227881,Personas
INF_OCU_INF_P2017,Ocupados informales (proyecciones base 2017),2022-V05,2022 abr-jun,CHL14,Región de Los Ríos,F,Mujeres,23251,,,23.2511088498785,Personas
INF_OCU_INF_P2017,Ocupados informales (proyecciones base 2017),2022-V09,2022 ago-oct,CHL14,Región de Los Ríos,F,Mujeres,24552,,,24.5517873090856,Personas
INF_OCU_INF_P2017,Ocupados informales (proyecciones base 2017),2022-V01,2022 dic-feb,CHL14,Región de Los Ríos,F,Mujeres,25122,,,25.1219478681558,Personas
INF_OCU_INF_P2017,Ocupados informales (proyecciones base 2017),2022-V02,2022 ene-mar,CHL14,Región de Los Ríos,F,Mujeres,24777,,,24.7774945345284,Personas
INF_OCU_INF_P2017,Ocupados informales (proyecciones base 2017),2022-V03,2022 feb-abr,CHL14,Región de Los Ríos,F,Mujeres,24800,,,24.8001687210095,Personas
INF_OCU_INF_P2017,Ocupados informales (proyecciones base 2017),2022-V08,2022 jul-sep,CHL14,Región de Los Ríos,F,Mujeres,25600,,,25.5995112612706,Personas
INF_OCU_INF_P2017,Ocupados informales (proyecciones base 2017),2022-V07,2022 jun-ago,CHL14,Región de Los Ríos,F,Mujeres,24881,,,24.8809387697541,Personas
INF_OCU_INF_P2017,Ocupados informales (proyecciones base 2017),2022-V04,2022 mar-may,CHL14,Región de Los Ríos,F,Mujeres,23422,,,23.4219457143487,Personas
INF_OCU_INF_P2017,Ocupados informales (proyecciones base 2017),2022-V06,2022 may-jul,CHL14,Región de Los Ríos,F,Mujeres,24067,,,24.0674698067751,Personas
INF_OCU_INF_P2017,Ocupados informales (proyecciones base 2017),2022-V12,2022 nov-ene,CHL14,Región de Los Ríos,F,Mujeres,26477,,,26.4768239242383,Personas
INF_OCU_INF_P2017,Ocupados informales (proyecciones base 2017),2022-V11,2022 oct-dic,CHL14,Región de Los Ríos,F,Mujeres,25745,,,25.7449140839759,Personas
INF_OCU_INF_P2017,Ocupados informales (proyecciones base 2017),2022-V10,2022 sep-nov,CHL14,Región de Los Ríos,F,Mujeres,24418,,,24.4177819955931,Personas
INF_OCU_INF_P2017,Ocupados informales (proyecciones base 2017),2023-V05,2023 abr-jun,CHL14,Región de Los Ríos,F,Mujeres,21461,,,21.461121559986,Personas
INF_OCU_INF_P2017,Ocupados informales (proyecciones base 2017),2023-V09,2023 ago-oct,CHL14,Región de Los Ríos,F,Mujeres,27140,,,27.1396942343512,Personas
INF_OCU_INF_P2017,Ocupados informales (proyecciones base 2017),2023-V01,2023 dic-feb,CHL14,Región de Los Ríos,F,Mujeres,29448,,,29.4484351127502,Personas
INF_OCU_INF_P2017,Ocupados informales (proyecciones base 2017),2023-V02,2023 ene-mar,CHL14,Región de Los Ríos,F,Mujeres,27035,,,27.0348397339448,Personas
INF_OCU_INF_P2017,Ocupados informales (proyecciones base 2017),2023-V03,2023 feb-abr,CHL14,Región de Los Ríos,F,Mujeres,25905,,,25.9046090835713,Personas
INF_OCU_INF_P2017,Ocupados informales (proyecciones base 2017),2023-V08,2023 jul-sep,CHL14,Región de Los Ríos,F,Mujeres,28940,,,28.940109905085,Personas
INF_OCU_INF_P2017,Ocupados informales (proyecciones base 2017),2023-V07,2023 jun-ago,CHL14,Región de Los Ríos,F,Mujeres,26698,,,26.6978162972328,Personas
INF_OCU_INF_P2017,Ocupados informales (proyecciones base 2017),2023-V04,2023 mar-may,CHL14,Región de Los Ríos,F,Mujeres,22434,,,22.4339201028349,Personas
INF_OCU_INF_P2017,Ocupados informales (proyecciones base 2017),2023-V06,2023 may-jul,CHL14,Región de Los Ríos,F,Mujeres,24823,,,24.8226324510499,Personas
INF_OCU_INF_P2017,Ocupados informales (proyecciones base 2017),2023-V12,2023 nov-ene,CHL14,Región de Los Ríos,F,Mujeres,26669,,,26.6693315327428,Personas
INF_OCU_INF_P2017,Ocupados informales (proyecciones base 2017),2023-V11,2023 oct-dic,CHL14,Región de Los Ríos,F,Mujeres,25180,,,25.1802434523882,Personas
INF_OCU_INF_P2017,Ocupados informales (proyecciones base 2017),2023-V10,2023 sep-nov,CHL14,Región de Los Ríos,F,Mujeres,26724,,,26.7243419337709,Personas
INF_OCU_INF_P2017,Ocupados informales (proyecciones base 2017),2024-V01,2024 dic-feb,CHL14,Región de Los Ríos,F,Mujeres,27172,,,27.1715834614938,Personas
INF_OCU_INF_P2017,Ocupados informales (proyecciones base 2017),2024-V02,2024 ene-mar,CHL14,Región de Los Ríos,F,Mujeres,29387,,,29.3873825049824,Personas
INF_OCU_INF_P2017,Ocupados informales (proyecciones base 2017),2024-V03,2024 feb-abr,CHL14,Región de Los Ríos,F,Mujeres,28048,,,28.0483198193123,Personas
INF_OCU_INF_P2017,Ocupados informales (proyecciones base 2017),2024-V04,2024 mar-may,CHL14,Región de Los Ríos,F,Mujeres,27023,,,27.0228929896746,Personas
INF_OCU_INF,Ocupados informales (proyecciones base 2002),2017-V09,2017 ago-oct,CHL14,Región de Los Ríos,M,Hombres,41857,,,41.85749260355,Personas
INF_OCU_INF_P2017,Ocupados informales (proyecciones base 2017),2017-V09,2017 ago-oct,CHL14,Región de Los Ríos,M,Hombres,39940,,,39.9400714264926,Personas
INF_OCU_INF,Ocupados informales (proyecciones base 2002),2017-V08,2017 jul-sep,CHL14,Región de Los Ríos,M,Hombres,41440,,,41.43986040536,Personas
INF_OCU_INF_P2017,Ocupados informales (proyecciones base 2017),2017-V08,2017 jul-sep,CHL14,Región de Los Ríos,M,Hombres,40708,,,40.7082060498721,Personas
INF_OCU_INF,Ocupados informales (proyecciones base 2002),2017-V12,2017 nov-ene,CHL14,Región de Los Ríos,M,Hombres,39971,,,39.97108340831,Personas
INF_OCU_INF_P2017,Ocupados informales (proyecciones base 2017),2017-V12,2017 nov-ene,CHL14,Región de Los Ríos,M,Hombres,38340,,,38.3396404619005,Personas
INF_OCU_INF,Ocupados informales (proyecciones base 2002),2017-V11,2017 oct-dic,CHL14,Región de Los Ríos,M,Hombres,38437,,,38.43744581047,Personas
INF_OCU_INF_P2017,Ocupados informales (proyecciones base 2017),2017-V11,2017 oct-dic,CHL14,Región de Los Ríos,M,Hombres,36468,,,36.4679461962586,Personas
INF_OCU_INF,Ocupados informales (proyecciones base 2002),2017-V10,2017 sep-nov,CHL14,Región de Los Ríos,M,Hombres,40723,,,40.7233257211,Personas
INF_OCU_INF_P2017,Ocupados informales (proyecciones base 2017),2017-V10,2017 sep-nov,CHL14,Región de Los Ríos,M,Hombres,37874,,,37.8736815647929,Personas
INF_OCU_INF,Ocupados informales (proyecciones base 2002),2018-V05,2018 abr-jun,CHL14,Región de Los Ríos,M,Hombres,38571,,,38.57056612909,Personas
INF_OCU_INF_P2017,Ocupados informales (proyecciones base 2017),2018-V05,2018 abr-jun,CHL14,Región de Los Ríos,M,Hombres,38002,,,38.0017127438837,Personas
INF_OCU_INF,Ocupados informales (proyecciones base 2002),2018-V09,2018 ago-oct,CHL14,Región de Los Ríos,M,Hombres,35697,,,35.69715809039,Personas
INF_OCU_INF_P2017,Ocupados informales (proyecciones base 2017),2018-V09,2018 ago-oct,CHL14,Región de Los Ríos,M,Hombres,33993,,,33.9927790612611,Personas
INF_OCU_INF,Ocupados informales (proyecciones base 2002),2018-V01,2018 dic-feb,CHL14,Región de Los Ríos,M,Hombres,39426,,,39.42571765857,Personas
INF_OCU_INF_P2017,Ocupados informales (proyecciones base 2017),2018-V01,2018 dic-feb,CHL14,Región de Los Ríos,M,Hombres,38801,,,38.8007580032514,Personas
INF_OCU_INF,Ocupados informales (proyecciones base 2002),2018-V02,2018 ene-mar,CHL14,Región de Los Ríos,M,Hombres,41514,,,41.51370431163,Personas
INF_OCU_INF_P2017,Ocupados informales (proyecciones base 2017),2018-V02,2018 ene-mar,CHL14,Región de Los Ríos,M,Hombres,41081,,,41.0808254936365,Personas
INF_OCU_INF,Ocupados informales (proyecciones base 2002),2018-V03,2018 feb-abr,CHL14,Región de Los Ríos,M,Hombres,39662,,,39.6619717795,Personas
INF_OCU_INF_P2017,Ocupados informales (proyecciones base 2017),2018-V03,2018 feb-abr,CHL14,Región de Los Ríos,M,Hombres,39473,,,39.4731476434664,Personas
INF_OCU_INF,Ocupados informales (proyecciones base 2002),2018-V08,2018 jul-sep,CHL14,Región de Los Ríos,M,Hombres,36167,,,36.16725074551,Personas
INF_OCU_INF_P2017,Ocupados informales (proyecciones base 2017),2018-V08,2018 jul-sep,CHL14,Región de Los Ríos,M,Hombres,34495,,,34.4945803776901,Personas
INF_OCU_INF,Ocupados informales (proyecciones base 2002),2018-V07,2018 jun-ago,CHL14,Región de Los Ríos,M,Hombres,36686,,,36.68580175015,Personas
INF_OCU_INF_P2017,Ocupados informales (proyecciones base 2017),2018-V07,2018 jun-ago,CHL14,Región de Los Ríos,M,Hombres,35311,,,35.3112239047527,Personas
INF_OCU_INF,Ocupados informales (proyecciones base 2002),2018-V04,2018 mar-may,CHL14,Región de Los Ríos,M,Hombres,39566,,,39.56645733558,Personas
INF_OCU_INF_P2017,Ocupados informales (proyecciones base 2017),2018-V04,2018 mar-may,CHL14,Región de Los Ríos,M,Hombres,39090,,,39.0902549282891,Personas
INF_OCU_INF,Ocupados informales (proyecciones base 2002),2018-V06,2018 may-jul,CHL14,Región de Los Ríos,M,Hombres,37109,,,37.10916592017,Personas
INF_OCU_INF_P2017,Ocupados informales (proyecciones base 2017),2018-V06,2018 may-jul,CHL14,Región de Los Ríos,M,Hombres,35759,,,35.7590083150557,Personas
INF_OCU_INF,Ocupados informales (proyecciones base 2002),2018-V12,2018 nov-ene,CHL14,Región de Los Ríos,M,Hombres,43133,,,43.1329128570761,Personas
INF_OCU_INF_P2017,Ocupados informales (proyecciones base 2017),2018-V12,2018 nov-ene,CHL14,Región de Los Ríos,M,Hombres,41829,,,41.8288713619448,Personas
INF_OCU_INF,Ocupados informales (proyecciones base 2002),2018-V11,2018 oct-dic,CHL14,Región de Los Ríos,M,Hombres,39325,,,39.3252869475055,Personas
INF_OCU_INF_P2017,Ocupados informales (proyecciones base 2017),2018-V11,2018 oct-dic,CHL14,Región de Los Ríos,M,Hombres,37023,,,37.0232244697384,Personas
INF_OCU_INF,Ocupados informales (proyecciones base 2002),2018-V10,2018 sep-nov,CHL14,Región de Los Ríos,M,Hombres,37810,,,37.8104768482869,Personas
INF_OCU_INF_P2017,Ocupados informales (proyecciones base 2017),2018-V10,2018 sep-nov,CHL14,Región de Los Ríos,M,Hombres,35660,,,35.6603721987286,Personas
INF_OCU_INF,Ocupados informales (proyecciones base 2002),2019-V05,2019 abr-jun,CHL14,Región de Los Ríos,M,Hombres,38649,,,38.6490213556004,Personas
INF_OCU_INF_P2017,Ocupados informales (proyecciones base 2017),2019-V05,2019 abr-jun,CHL14,Región de Los Ríos,M,Hombres,37763,,,37.7632652475507,Personas
INF_OCU_INF,Ocupados informales (proyecciones base 2002),2019-V09,2019 ago-oct,CHL14,Región de Los Ríos,M,Hombres,39901,,,39.9009458625824,Personas
INF_OCU_INF_P2017,Ocupados informales (proyecciones base 2017),2019-V09,2019 ago-oct,CHL14,Región de Los Ríos,M,Hombres,37588,,,37.5880609148986,Personas
INF_OCU_INF,Ocupados informales (proyecciones base 2002),2019-V01,2019 dic-feb,CHL14,Región de Los Ríos,M,Hombres,43534,,,43.534151191832,Personas
INF_OCU_INF_P2017,Ocupados informales (proyecciones base 2017),2019-V01,2019 dic-feb,CHL14,Región de Los Ríos,M,Hombres,42464,,,42.4644945952263,Personas
INF_OCU_INF,Ocupados informales (proyecciones base 2002),2019-V02,2019 ene-mar,CHL14,Región de Los Ríos,M,Hombres,43860,,,43.8598441163402,Personas
INF_OCU_INF_P2017,Ocupados informales (proyecciones base 2017),2019-V02,2019 ene-mar,CHL14,Región de Los Ríos,M,Hombres,43725,,,43.7248712048927,Personas
INF_OCU_INF,Ocupados informales (proyecciones base 2002),2019-V03,2019 feb-abr,CHL14,Región de Los Ríos,M,Hombres,39953,,,39.9530843251381,Personas
INF_OCU_INF_P2017,Ocupados informales (proyecciones base 2017),2019-V03,2019 feb-abr,CHL14,Región de Los Ríos,M,Hombres,39956,,,39.9556749484031,Personas
INF_OCU_INF,Ocupados informales (proyecciones base 2002),2019-V08,2019 jul-sep,CHL14,Región de Los Ríos,M,Hombres,39548,,,39.5483899366902,Personas
INF_OCU_INF_P2017,Ocupados informales (proyecciones base 2017),2019-V08,2019 jul-sep,CHL14,Región de Los Ríos,M,Hombres,37401,,,37.4013640645974,Personas
INF_OCU_INF,Ocupados informales (proyecciones base 2002),2019-V07,2019 jun-ago,CHL14,Región de Los Ríos,M,Hombres,39910,,,39.9099877837486,Personas
INF_OCU_INF_P2017,Ocupados informales (proyecciones base 2017),2019-V07,2019 jun-ago,CHL14,Región de Los Ríos,M,Hombres,38426,,,38.4259716831157,Personas
INF_OCU_INF,Ocupados informales (proyecciones base 2002),2019-V04,2019 mar-may,CHL14,Región de Los Ríos,M,Hombres,38654,,,38.6536690686056,Personas
INF_OCU_INF_P2017,Ocupados informales (proyecciones base 2017),2019-V04,2019 mar-may,CHL14,Región de Los Ríos,M,Hombres,38467,,,38.466555052908,Personas
INF_OCU_INF,Ocupados informales (proyecciones base 2002),2019-V06,2019 may-jul,CHL14,Región de Los Ríos,M,Hombres,39869,,,39.869077139554,Personas
INF_OCU_INF_P2017,Ocupados informales (proyecciones base 2017),2019-V06,2019 may-jul,CHL14,Región de Los Ríos,M,Hombres,38185,,,38.1847051927456,Personas
INF_OCU_INF_P2017,Ocupados informales (proyecciones base 2017),2019-V12,2019 nov-ene,CHL14,Región de Los Ríos,M,Hombres,41010,,,41.0098903884927,Personas
INF_OCU_INF,Ocupados informales (proyecciones base 2002),2019-V11,2019 oct-dic,CHL14,Región de Los Ríos,M,Hombres,42720,,,42.7198416226027,Personas
INF_OCU_INF_P2017,Ocupados informales (proyecciones base 2017),2019-V11,2019 oct-dic,CHL14,Región de Los Ríos,M,Hombres,40436,,,40.4360060546535,Personas
INF_OCU_INF,Ocupados informales (proyecciones base 2002),2019-V10,2019 sep-nov,CHL14,Región de Los Ríos,M,Hombres,41146,,,41.1462076530471,Personas
INF_OCU_INF_P2017,Ocupados informales (proyecciones base 2017),2019-V10,2019 sep-nov,CHL14,Región de Los Ríos,M,Hombres,38870,,,38.8700014572952,Personas
INF_OCU_INF_P2017,Ocupados informales (proyecciones base 2017),2020-V05,2020 abr-jun,CHL14,Región de Los Ríos,M,Hombres,29753,,,29.7527291098302,Personas
INF_OCU_INF_P2017,Ocupados informales (proyecciones base 2017),2020-V09,2020 ago-oct,CHL14,Región de Los Ríos,M,Hombres,33387,,,33.3869766092876,Personas
INF_OCU_INF_P2017,Ocupados informales (proyecciones base 2017),2020-V01,2020 dic-feb,CHL14,Región de Los Ríos,M,Hombres,39565,,,39.5654070988234,Personas
INF_OCU_INF_P2017,Ocupados informales (proyecciones base 2017),2020-V02,2020 ene-mar,CHL14,Región de Los Ríos,M,Hombres,37756,,,37.7555503650148,Personas
INF_OCU_INF_P2017,Ocupados informales (proyecciones base 2017),2020-V03,2020 feb-abr,CHL14,Región de Los Ríos,M,Hombres,34821,,,34.8205424267708,Personas
INF_OCU_INF_P2017,Ocupados informales (proyecciones base 2017),2020-V08,2020 jul-sep,CHL14,Región de Los Ríos,M,Hombres,31262,,,31.2620874305945,Personas
INF_OCU_INF_P2017,Ocupados informales (proyecciones base 2017),2020-V07,2020 jun-ago,CHL14,Región de Los Ríos,M,Hombres,27978,,,27.9775071161504,Personas
INF_OCU_INF_P2017,Ocupados informales (proyecciones base 2017),2020-V04,2020 mar-may,CHL14,Región de Los Ríos,M,Hombres,31228,,,31.2284730118797,Personas
INF_OCU_INF_P2017,Ocupados informales (proyecciones base 2017),2020-V06,2020 may-jul,CHL14,Región de Los Ríos,M,Hombres,27562,,,27.5622787094162,Personas
INF_OCU_INF_P2017,Ocupados informales (proyecciones base 2017),2020-V12,2020 nov-ene,CHL14,Región de Los Ríos,M,Hombres,33441,,,33.4414592475783,Personas
INF_OCU_INF_P2017,Ocupados informales (proyecciones base 2017),2020-V11,2020 oct-dic,CHL14,Región de Los Ríos,M,Hombres,32493,,,32.4930676803772,Personas
INF_OCU_INF_P2017,Ocupados informales (proyecciones base 2017),2020-V10,2020 sep-nov,CHL14,Región de Los Ríos,M,Hombres,34212,,,34.2119081019483,Personas
INF_OCU_INF_P2017,Ocupados informales (proyecciones base 2017),2021-V05,2021 abr-jun,CHL14,Región de Los Ríos,M,Hombres,32438,,,32.4376117363799,Personas
INF_OCU_INF_P2017,Ocupados informales (proyecciones base 2017),2021-V09,2021 ago-oct,CHL14,Región de Los Ríos,M,Hombres,33623,,,33.622885070322,Personas
INF_OCU_INF_P2017,Ocupados informales (proyecciones base 2017),2021-V01,2021 dic-feb,CHL14,Región de Los Ríos,M,Hombres,33806,,,33.8057225181334,Personas
INF_OCU_INF_P2017,Ocupados informales (proyecciones base 2017),2021-V02,2021 ene-mar,CHL14,Región de Los Ríos,M,Hombres,35554,,,35.5541872541321,Personas
INF_OCU_INF_P2017,Ocupados informales (proyecciones base 2017),2021-V03,2021 feb-abr,CHL14,Región de Los Ríos,M,Hombres,33852,,,33.8523608053168,Personas
INF_OCU_INF_P2017,Ocupados informales (proyecciones base 2017),2021-V08,2021 jul-sep,CHL14,Región de Los Ríos,M,Hombres,31547,,,31.5465854061288,Personas
INF_OCU_INF_P2017,Ocupados informales (proyecciones base 2017),2021-V07,2021 jun-ago,CHL14,Región de Los Ríos,M,Hombres,33928,,,33.9281350626679,Personas
INF_OCU_INF_P2017,Ocupados informales (proyecciones base 2017),2021-V04,2021 mar-may,CHL14,Región de Los Ríos,M,Hombres,32102,,,32.1021222885332,Personas
INF_OCU_INF_P2017,Ocupados informales (proyecciones base 2017),2021-V06,2021 may-jul,CHL14,Región de Los Ríos,M,Hombres,33981,,,33.9810622258361,Personas
INF_OCU_INF_P2017,Ocupados informales (proyecciones base 2017),2021-V12,2021 nov-ene,CHL14,Región de Los Ríos,M,Hombres,34673,,,34.6728718582309,Personas
INF_OCU_INF_P2017,Ocupados informales (proyecciones base 2017),2021-V11,2021 oct-dic,CHL14,Región de Los Ríos,M,Hombres,34393,,,34.3929499079861,Personas
INF_OCU_INF_P2017,Ocupados informales (proyecciones base 2017),2021-V10,2021 sep-nov,CHL14,Región de Los Ríos,M,Hombres,35934,,,35.9339089755402,Personas
INF_OCU_INF_P2017,Ocupados informales (proyecciones base 2017),2022-V05,2022 abr-jun,CHL14,Región de Los Ríos,M,Hombres,34162,,,34.162247359196,Personas
INF_OCU_INF_P2017,Ocupados informales (proyecciones base 2017),2022-V09,2022 ago-oct,CHL14,Región de Los Ríos,M,Hombres,31534,,,31.5337908015826,Personas
INF_OCU_INF_P2017,Ocupados informales (proyecciones base 2017),2022-V01,2022 dic-feb,CHL14,Región de Los Ríos,M,Hombres,33658,,,33.6582277438167,Personas
INF_OCU_INF_P2017,Ocupados informales (proyecciones base 2017),2022-V02,2022 ene-mar,CHL14,Región de Los Ríos,M,Hombres,35583,,,35.5831522888757,Personas
INF_OCU_INF_P2017,Ocupados informales (proyecciones base 2017),2022-V03,2022 feb-abr,CHL14,Región de Los Ríos,M,Hombres,35254,,,35.2535275964011,Personas
INF_OCU_INF_P2017,Ocupados informales (proyecciones base 2017),2022-V08,2022 jul-sep,CHL14,Región de Los Ríos,M,Hombres,31723,,,31.7228654297104,Personas
INF_OCU_INF_P2017,Ocupados informales (proyecciones base 2017),2022-V07,2022 jun-ago,CHL14,Región de Los Ríos,M,Hombres,31642,,,31.6418414907789,Personas
INF_OCU_INF_P2017,Ocupados informales (proyecciones base 2017),2022-V04,2022 mar-may,CHL14,Región de Los Ríos,M,Hombres,33924,,,33.9237610314451,Personas
INF_OCU_INF_P2017,Ocupados informales (proyecciones base 2017),2022-V06,2022 may-jul,CHL14,Región de Los Ríos,M,Hombres,34199,,,34.1994470976966,Personas
INF_OCU_INF_P2017,Ocupados informales (proyecciones base 2017),2022-V12,2022 nov-ene,CHL14,Región de Los Ríos,M,Hombres,33266,,,33.2663107382495,Personas
INF_OCU_INF_P2017,Ocupados informales (proyecciones base 2017),2022-V11,2022 oct-dic,CHL14,Región de Los Ríos,M,Hombres,31762,,,31.7616618499182,Personas
INF_OCU_INF_P2017,Ocupados informales (proyecciones base 2017),2022-V10,2022 sep-nov,CHL14,Región de Los Ríos,M,Hombres,31600,,,31.6001659194823,Personas
INF_OCU_INF_P2017,Ocupados informales (proyecciones base 2017),2023-V05,2023 abr-jun,CHL14,Región de Los Ríos,M,Hombres,37196,,,37.1959508247285,Personas
INF_OCU_INF_P2017,Ocupados informales (proyecciones base 2017),2023-V09,2023 ago-oct,CHL14,Región de Los Ríos,M,Hombres,31802,,,31.8019203341612,Personas
INF_OCU_INF_P2017,Ocupados informales (proyecciones base 2017),2023-V01,2023 dic-feb,CHL14,Región de Los Ríos,M,Hombres,36579,,,36.5792392637157,Personas
INF_OCU_INF_P2017,Ocupados informales (proyecciones base 2017),2023-V02,2023 ene-mar,CHL14,Región de Los Ríos,M,Hombres,35455,,,35.4554911651382,Personas
INF_OCU_INF_P2017,Ocupados informales (proyecciones base 2017),2023-V03,2023 feb-abr,CHL14,Región de Los Ríos,M,Hombres,36846,,,36.8462832281012,Personas
INF_OCU_INF_P2017,Ocupados informales (proyecciones base 2017),2023-V08,2023 jul-sep,CHL14,Región de Los Ríos,M,Hombres,33732,,,33.731593514741,Personas
INF_OCU_INF_P2017,Ocupados informales (proyecciones base 2017),2023-V07,2023 jun-ago,CHL14,Región de Los Ríos,M,Hombres,33035,,,33.0345568058794,Personas
INF_OCU_INF_P2017,Ocupados informales (proyecciones base 2017),2023-V04,2023 mar-may,CHL14,Región de Los Ríos,M,Hombres,37268,,,37.2682127784448,Personas
INF_OCU_INF_P2017,Ocupados informales (proyecciones base 2017),2023-V06,2023 may-jul,CHL14,Región de Los Ríos,M,Hombres,35029,,,35.0289866518843,Personas
INF_OCU_INF_P2017,Ocupados informales (proyecciones base 2017),2023-V12,2023 nov-ene,CHL14,Región de Los Ríos,M,Hombres,32057,,,32.057323431205,Personas
INF_OCU_INF_P2017,Ocupados informales (proyecciones base 2017),2023-V11,2023 oct-dic,CHL14,Región de Los Ríos,M,Hombres,29539,,,29.5389472029117,Personas
INF_OCU_INF_P2017,Ocupados informales (proyecciones base 2017),2023-V10,2023 sep-nov,CHL14,Región de Los Ríos,M,Hombres,30795,,,30.7950898914273,Personas
INF_OCU_INF_P2017,Ocupados informales (proyecciones base 2017),2024-V01,2024 dic-feb,CHL14,Región de Los Ríos,M,Hombres,34368,,,34.368403064734,Personas
INF_OCU_INF_P2017,Ocupados informales (proyecciones base 2017),2024-V02,2024 ene-mar,CHL14,Región de Los Ríos,M,Hombres,36542,,,36.5424429044968,Personas
INF_OCU_INF_P2017,Ocupados informales (proyecciones base 2017),2024-V03,2024 feb-abr,CHL14,Región de Los Ríos,M,Hombres,33702,,,33.7017666362765,Personas
INF_OCU_INF_P2017,Ocupados informales (proyecciones base 2017),2024-V04,2024 mar-may,CHL14,Región de Los Ríos,M,Hombres,32768,,,32.7679995932289,Personas
INF_OCU_INF,Ocupados informales (proyecciones base 2002),2017-V09,2017 ago-oct,CHL14,Región de Los Ríos,_T,Ambos sexos,71613,,,71.61323783047,Personas
INF_OCU_INF_P2017,Ocupados informales (proyecciones base 2017),2017-V09,2017 ago-oct,CHL14,Región de Los Ríos,_T,Ambos sexos,69403,,,69.4033505051444,Personas
INF_OCU_INF,Ocupados informales (proyecciones base 2002),2017-V08,2017 jul-sep,CHL14,Región de Los Ríos,_T,Ambos sexos,70213,,,70.2127914434201,Personas
INF_OCU_INF_P2017,Ocupados informales (proyecciones base 2017),2017-V08,2017 jul-sep,CHL14,Región de Los Ríos,_T,Ambos sexos,69541,,,69.5410163940264,Personas
INF_OCU_INF,Ocupados informales (proyecciones base 2002),2017-V12,2017 nov-ene,CHL14,Región de Los Ríos,_T,Ambos sexos,68948,,,68.94826422135,Personas
INF_OCU_INF_P2017,Ocupados informales (proyecciones base 2017),2017-V12,2017 nov-ene,CHL14,Región de Los Ríos,_T,Ambos sexos,67404,,,67.4037009417707,Personas
INF_OCU_INF,Ocupados informales (proyecciones base 2002),2017-V11,2017 oct-dic,CHL14,Región de Los Ríos,_T,Ambos sexos,67785,,,67.78490963151,Personas
INF_OCU_INF_P2017,Ocupados informales (proyecciones base 2017),2017-V11,2017 oct-dic,CHL14,Región de Los Ríos,_T,Ambos sexos,65678,,,65.6776833165501,Personas
INF_OCU_INF,Ocupados informales (proyecciones base 2002),2017-V10,2017 sep-nov,CHL14,Región de Los Ríos,_T,Ambos sexos,69280,,,69.28011106458,Personas
INF_OCU_INF_P2017,Ocupados informales (proyecciones base 2017),2017-V10,2017 sep-nov,CHL14,Región de Los Ríos,_T,Ambos sexos,66332,,,66.3319918455308,Personas
INF_OCU_INF,Ocupados informales (proyecciones base 2002),2018-V05,2018 abr-jun,CHL14,Región de Los Ríos,_T,Ambos sexos,72543,,,72.54261210549,Personas
INF_OCU_INF_P2017,Ocupados informales (proyecciones base 2017),2018-V05,2018 abr-jun,CHL14,Región de Los Ríos,_T,Ambos sexos,71599,,,71.5994862821095,Personas
INF_OCU_INF,Ocupados informales (proyecciones base 2002),2018-V09,2018 ago-oct,CHL14,Región de Los Ríos,_T,Ambos sexos,67213,,,67.21345488209,Personas
INF_OCU_INF_P2017,Ocupados informales (proyecciones base 2017),2018-V09,2018 ago-oct,CHL14,Región de Los Ríos,_T,Ambos sexos,64806,,,64.8060610687001,Personas
INF_OCU_INF,Ocupados informales (proyecciones base 2002),2018-V01,2018 dic-feb,CHL14,Región de Los Ríos,_T,Ambos sexos,69379,,,69.37850613852,Personas
INF_OCU_INF_P2017,Ocupados informales (proyecciones base 2017),2018-V01,2018 dic-feb,CHL14,Región de Los Ríos,_T,Ambos sexos,68144,,,68.1435641949735,Personas
INF_OCU_INF,Ocupados informales (proyecciones base 2002),2018-V02,2018 ene-mar,CHL14,Región de Los Ríos,_T,Ambos sexos,72700,,,72.7000448343,Personas
INF_OCU_INF_P2017,Ocupados informales (proyecciones base 2017),2018-V02,2018 ene-mar,CHL14,Región de Los Ríos,_T,Ambos sexos,71412,,,71.4121626222269,Personas
INF_OCU_INF,Ocupados informales (proyecciones base 2002),2018-V03,2018 feb-abr,CHL14,Región de Los Ríos,_T,Ambos sexos,73811,,,73.81059790019,Personas
INF_OCU_INF_P2017,Ocupados informales (proyecciones base 2017),2018-V03,2018 feb-abr,CHL14,Región de Los Ríos,_T,Ambos sexos,73274,,,73.2736610133519,Personas
INF_OCU_INF,Ocupados informales (proyecciones base 2002),2018-V08,2018 jul-sep,CHL14,Región de Los Ríos,_T,Ambos sexos,67573,,,67.57328452172,Personas
INF_OCU_INF_P2017,Ocupados informales (proyecciones base 2017),2018-V08,2018 jul-sep,CHL14,Región de Los Ríos,_T,Ambos sexos,66537,,,66.5367994855857,Personas
INF_OCU_INF,Ocupados informales (proyecciones base 2002),2018-V07,2018 jun-ago,CHL14,Región de Los Ríos,_T,Ambos sexos,69628,,,69.62754479241,Personas
INF_OCU_INF_P2017,Ocupados informales (proyecciones base 2017),2018-V07,2018 jun-ago,CHL14,Región de Los Ríos,_T,Ambos sexos,69015,,,69.0151306965602,Personas
INF_OCU_INF,Ocupados informales (proyecciones base 2002),2018-V04,2018 mar-may,CHL14,Región de Los Ríos,_T,Ambos sexos,72531,,,72.5310424985499,Personas
INF_OCU_INF_P2017,Ocupados informales (proyecciones base 2017),2018-V04,2018 mar-may,CHL14,Región de Los Ríos,_T,Ambos sexos,71930,,,71.9303775467046,Personas
INF_OCU_INF,Ocupados informales (proyecciones base 2002),2018-V06,2018 may-jul,CHL14,Región de Los Ríos,_T,Ambos sexos,70967,,,70.96697297002,Personas
INF_OCU_INF_P2017,Ocupados informales (proyecciones base 2017),2018-V06,2018 may-jul,CHL14,Región de Los Ríos,_T,Ambos sexos,70128,,,70.1278606316,Personas
INF_OCU_INF,Ocupados informales (proyecciones base 2002),2018-V12,2018 nov-ene,CHL14,Región de Los Ríos,_T,Ambos sexos,73674,,,73.6739413945476,Personas
INF_OCU_INF_P2017,Ocupados informales (proyecciones base 2017),2018-V12,2018 nov-ene,CHL14,Región de Los Ríos,_T,Ambos sexos,71662,,,71.6616869446276,Personas
INF_OCU_INF,Ocupados informales (proyecciones base 2002),2018-V11,2018 oct-dic,CHL14,Región de Los Ríos,_T,Ambos sexos,72202,,,72.2022222714536,Personas
INF_OCU_INF_P2017,Ocupados informales (proyecciones base 2017),2018-V11,2018 oct-dic,CHL14,Región de Los Ríos,_T,Ambos sexos,69304,,,69.3042386869066,Personas
INF_OCU_INF,Ocupados informales (proyecciones base 2002),2018-V10,2018 sep-nov,CHL14,Región de Los Ríos,_T,Ambos sexos,70388,,,70.3882869272979,Personas
INF_OCU_INF_P2017,Ocupados informales (proyecciones base 2017),2018-V10,2018 sep-nov,CHL14,Región de Los Ríos,_T,Ambos sexos,67870,,,67.8700867384896,Personas
INF_OCU_INF,Ocupados informales (proyecciones base 2002),2019-V05,2019 abr-jun,CHL14,Región de Los Ríos,_T,Ambos sexos,68898,,,68.8980844329418,Personas
INF_OCU_INF_P2017,Ocupados informales (proyecciones base 2017),2019-V05,2019 abr-jun,CHL14,Región de Los Ríos,_T,Ambos sexos,66967,,,66.9666287282373,Personas
INF_OCU_INF,Ocupados informales (proyecciones base 2002),2019-V09,2019 ago-oct,CHL14,Región de Los Ríos,_T,Ambos sexos,69679,,,69.6791026719532,Personas
INF_OCU_INF_P2017,Ocupados informales (proyecciones base 2017),2019-V09,2019 ago-oct,CHL14,Región de Los Ríos,_T,Ambos sexos,66587,,,66.5872293572124,Personas
INF_OCU_INF,Ocupados informales (proyecciones base 2002),2019-V01,2019 dic-feb,CHL14,Región de Los Ríos,_T,Ambos sexos,71965,,,71.9645423190535,Personas
INF_OCU_INF_P2017,Ocupados informales (proyecciones base 2017),2019-V01,2019 dic-feb,CHL14,Región de Los Ríos,_T,Ambos sexos,70722,,,70.7219189454144,Personas
INF_OCU_INF,Ocupados informales (proyecciones base 2002),2019-V02,2019 ene-mar,CHL14,Región de Los Ríos,_T,Ambos sexos,71325,,,71.3250308721587,Personas
INF_OCU_INF_P2017,Ocupados informales (proyecciones base 2017),2019-V02,2019 ene-mar,CHL14,Región de Los Ríos,_T,Ambos sexos,72072,,,72.0721195077188,Personas
INF_OCU_INF,Ocupados informales (proyecciones base 2002),2019-V03,2019 feb-abr,CHL14,Región de Los Ríos,_T,Ambos sexos,66717,,,66.7166670113386,Personas
INF_OCU_INF_P2017,Ocupados informales (proyecciones base 2017),2019-V03,2019 feb-abr,CHL14,Región de Los Ríos,_T,Ambos sexos,67589,,,67.5890402636246,Personas
INF_OCU_INF,Ocupados informales (proyecciones base 2002),2019-V08,2019 jul-sep,CHL14,Región de Los Ríos,_T,Ambos sexos,68422,,,68.421571375741,Personas
INF_OCU_INF_P2017,Ocupados informales (proyecciones base 2017),2019-V08,2019 jul-sep,CHL14,Región de Los Ríos,_T,Ambos sexos,65101,,,65.1009272117485,Personas
INF_OCU_INF,Ocupados informales (proyecciones base 2002),2019-V07,2019 jun-ago,CHL14,Región de Los Ríos,_T,Ambos sexos,69138,,,69.137581897157,Personas
INF_OCU_INF_P2017,Ocupados informales (proyecciones base 2017),2019-V07,2019 jun-ago,CHL14,Región de Los Ríos,_T,Ambos sexos,67380,,,67.3804610765507,Personas
INF_OCU_INF,Ocupados informales (proyecciones base 2002),2019-V04,2019 mar-may,CHL14,Región de Los Ríos,_T,Ambos sexos,67842,,,67.8421819602808,Personas
INF_OCU_INF_P2017,Ocupados informales (proyecciones base 2017),2019-V04,2019 mar-may,CHL14,Región de Los Ríos,_T,Ambos sexos,67150,,,67.1503926570613,Personas
INF_OCU_INF,Ocupados informales (proyecciones base 2002),2019-V06,2019 may-jul,CHL14,Región de Los Ríos,_T,Ambos sexos,70145,,,70.145308591456,Personas
INF_OCU_INF_P2017,Ocupados informales (proyecciones base 2017),2019-V06,2019 may-jul,CHL14,Región de Los Ríos,_T,Ambos sexos,67351,,,67.3505598800439,Personas
INF_OCU_INF_P2017,Ocupados informales (proyecciones base 2017),2019-V12,2019 nov-ene,CHL14,Región de Los Ríos,_T,Ambos sexos,70070,,,70.0702679214226,Personas
INF_OCU_INF,Ocupados informales (proyecciones base 2002),2019-V11,2019 oct-dic,CHL14,Región de Los Ríos,_T,Ambos sexos,72583,,,72.5832009735941,Personas
INF_OCU_INF_P2017,Ocupados informales (proyecciones base 2017),2019-V11,2019 oct-dic,CHL14,Región de Los Ríos,_T,Ambos sexos,70121,,,70.1213233290072,Personas
INF_OCU_INF,Ocupados informales (proyecciones base 2002),2019-V10,2019 sep-nov,CHL14,Región de Los Ríos,_T,Ambos sexos,71259,,,71.258757573868,Personas
INF_OCU_INF_P2017,Ocupados informales (proyecciones base 2017),2019-V10,2019 sep-nov,CHL14,Región de Los Ríos,_T,Ambos sexos,68392,,,68.3915738483793,Personas
INF_OCU_INF_P2017,Ocupados informales (proyecciones base 2017),2020-V05,2020 abr-jun,CHL14,Región de Los Ríos,_T,Ambos sexos,44228,,,44.2284848115103,Personas
INF_OCU_INF_P2017,Ocupados informales (proyecciones base 2017),2020-V09,2020 ago-oct,CHL14,Región de Los Ríos,_T,Ambos sexos,54189,,,54.1888652749648,Personas
INF_OCU_INF_P2017,Ocupados informales (proyecciones base 2017),2020-V01,2020 dic-feb,CHL14,Región de Los Ríos,_T,Ambos sexos,69075,,,69.0750847782386,Personas
INF_OCU_INF_P2017,Ocupados informales (proyecciones base 2017),2020-V02,2020 ene-mar,CHL14,Región de Los Ríos,_T,Ambos sexos,65180,,,65.180434924166,Personas
INF_OCU_INF_P2017,Ocupados informales (proyecciones base 2017),2020-V03,2020 feb-abr,CHL14,Región de Los Ríos,_T,Ambos sexos,56995,,,56.9952715437923,Personas
INF_OCU_INF_P2017,Ocupados informales (proyecciones base 2017),2020-V08,2020 jul-sep,CHL14,Región de Los Ríos,_T,Ambos sexos,50775,,,50.774951180197,Personas
INF_OCU_INF_P2017,Ocupados informales (proyecciones base 2017),2020-V07,2020 jun-ago,CHL14,Región de Los Ríos,_T,Ambos sexos,47636,,,47.6363141015454,Personas
INF_OCU_INF_P2017,Ocupados informales (proyecciones base 2017),2020-V04,2020 mar-may,CHL14,Región de Los Ríos,_T,Ambos sexos,46517,,,46.5174159771418,Personas
INF_OCU_INF_P2017,Ocupados informales (proyecciones base 2017),2020-V06,2020 may-jul,CHL14,Región de Los Ríos,_T,Ambos sexos,44635,,,44.6354158303698,Personas
INF_OCU_INF_P2017,Ocupados informales (proyecciones base 2017),2020-V12,2020 nov-ene,CHL14,Región de Los Ríos,_T,Ambos sexos,53770,,,53.7695862164885,Personas
INF_OCU_INF_P2017,Ocupados informales (proyecciones base 2017),2020-V11,2020 oct-dic,CHL14,Región de Los Ríos,_T,Ambos sexos,54378,,,54.3779979021713,Personas
INF_OCU_INF_P2017,Ocupados informales (proyecciones base 2017),2020-V10,2020 sep-nov,CHL14,Región de Los Ríos,_T,Ambos sexos,54815,,,54.8148384329054,Personas
INF_OCU_INF_P2017,Ocupados informales (proyecciones base 2017),2021-V05,2021 abr-jun,CHL14,Región de Los Ríos,_T,Ambos sexos,50245,,,50.2448834070016,Personas
INF_OCU_INF_P2017,Ocupados informales (proyecciones base 2017),2021-V09,2021 ago-oct,CHL14,Región de Los Ríos,_T,Ambos sexos,52617,,,52.6170442547758,Personas
INF_OCU_INF_P2017,Ocupados informales (proyecciones base 2017),2021-V01,2021 dic-feb,CHL14,Región de Los Ríos,_T,Ambos sexos,54275,,,54.2750556211079,Personas
INF_OCU_INF_P2017,Ocupados informales (proyecciones base 2017),2021-V02,2021 ene-mar,CHL14,Región de Los Ríos,_T,Ambos sexos,56164,,,56.1644800754913,Personas
INF_OCU_INF_P2017,Ocupados informales (proyecciones base 2017),2021-V03,2021 feb-abr,CHL14,Región de Los Ríos,_T,Ambos sexos,54413,,,54.4132718123062,Personas
INF_OCU_INF_P2017,Ocupados informales (proyecciones base 2017),2021-V08,2021 jul-sep,CHL14,Región de Los Ríos,_T,Ambos sexos,49069,,,49.0691485011607,Personas
INF_OCU_INF_P2017,Ocupados informales (proyecciones base 2017),2021-V07,2021 jun-ago,CHL14,Región de Los Ríos,_T,Ambos sexos,51286,,,51.2856800322268,Personas
INF_OCU_INF_P2017,Ocupados informales (proyecciones base 2017),2021-V04,2021 mar-may,CHL14,Región de Los Ríos,_T,Ambos sexos,51027,,,51.0269347092783,Personas
INF_OCU_INF_P2017,Ocupados informales (proyecciones base 2017),2021-V06,2021 may-jul,CHL14,Región de Los Ríos,_T,Ambos sexos,51148,,,51.1481881352554,Personas
INF_OCU_INF_P2017,Ocupados informales (proyecciones base 2017),2021-V12,2021 nov-ene,CHL14,Región de Los Ríos,_T,Ambos sexos,62494,,,62.4941257558719,Personas
INF_OCU_INF_P2017,Ocupados informales (proyecciones base 2017),2021-V11,2021 oct-dic,CHL14,Región de Los Ríos,_T,Ambos sexos,60622,,,60.6218712764404,Personas
INF_OCU_INF_P2017,Ocupados informales (proyecciones base 2017),2021-V10,2021 sep-nov,CHL14,Región de Los Ríos,_T,Ambos sexos,60320,,,60.3202057983284,Personas
INF_OCU_INF_P2017,Ocupados informales (proyecciones base 2017),2022-V05,2022 abr-jun,CHL14,Región de Los Ríos,_T,Ambos sexos,57413,,,57.4133562090745,Personas
INF_OCU_INF_P2017,Ocupados informales (proyecciones base 2017),2022-V09,2022 ago-oct,CHL14,Región de Los Ríos,_T,Ambos sexos,56086,,,56.0855781106682,Personas
INF_OCU_INF_P2017,Ocupados informales (proyecciones base 2017),2022-V01,2022 dic-feb,CHL14,Región de Los Ríos,_T,Ambos sexos,58780,,,58.7801756119724,Personas
INF_OCU_INF_P2017,Ocupados informales (proyecciones base 2017),2022-V02,2022 ene-mar,CHL14,Región de Los Ríos,_T,Ambos sexos,60361,,,60.3606468234042,Personas
INF_OCU_INF_P2017,Ocupados informales (proyecciones base 2017),2022-V03,2022 feb-abr,CHL14,Región de Los Ríos,_T,Ambos sexos,60054,,,60.0536963174106,Personas
INF_OCU_INF_P2017,Ocupados informales (proyecciones base 2017),2022-V08,2022 jul-sep,CHL14,Región de Los Ríos,_T,Ambos sexos,57322,,,57.322376690981,Personas
INF_OCU_INF_P2017,Ocupados informales (proyecciones base 2017),2022-V07,2022 jun-ago,CHL14,Región de Los Ríos,_T,Ambos sexos,56523,,,56.522780260533,Personas
INF_OCU_INF_P2017,Ocupados informales (proyecciones base 2017),2022-V04,2022 mar-may,CHL14,Región de Los Ríos,_T,Ambos sexos,57346,,,57.3457067457939,Personas
INF_OCU_INF_P2017,Ocupados informales (proyecciones base 2017),2022-V06,2022 may-jul,CHL14,Región de Los Ríos,_T,Ambos sexos,58267,,,58.2669169044717,Personas
INF_OCU_INF_P2017,Ocupados informales (proyecciones base 2017),2022-V12,2022 nov-ene,CHL14,Región de Los Ríos,_T,Ambos sexos,59743,,,59.7431346624879,Personas
INF_OCU_INF_P2017,Ocupados informales (proyecciones base 2017),2022-V11,2022 oct-dic,CHL14,Región de Los Ríos,_T,Ambos sexos,57507,,,57.506575933894,Personas
INF_OCU_INF_P2017,Ocupados informales (proyecciones base 2017),2022-V10,2022 sep-nov,CHL14,Región de Los Ríos,_T,Ambos sexos,56018,,,56.0179479150754,Personas
INF_OCU_INF_P2017,Ocupados informales (proyecciones base 2017),2023-V05,2023 abr-jun,CHL14,Región de Los Ríos,_T,Ambos sexos,58657,,,58.6570723847146,Personas
INF_OCU_INF_P2017,Ocupados informales (proyecciones base 2017),2023-V09,2023 ago-oct,CHL14,Región de Los Ríos,_T,Ambos sexos,58942,,,58.9416145685123,Personas
INF_OCU_INF_P2017,Ocupados informales (proyecciones base 2017),2023-V01,2023 dic-feb,CHL14,Región de Los Ríos,_T,Ambos sexos,66028,,,66.0276743764658,Personas
INF_OCU_INF_P2017,Ocupados informales (proyecciones base 2017),2023-V02,2023 ene-mar,CHL14,Región de Los Ríos,_T,Ambos sexos,62490,,,62.490330899083,Personas
INF_OCU_INF_P2017,Ocupados informales (proyecciones base 2017),2023-V03,2023 feb-abr,CHL14,Región de Los Ríos,_T,Ambos sexos,62751,,,62.7508923116725,Personas
INF_OCU_INF_P2017,Ocupados informales (proyecciones base 2017),2023-V08,2023 jul-sep,CHL14,Región de Los Ríos,_T,Ambos sexos,62672,,,62.671703419826,Personas
INF_OCU_INF_P2017,Ocupados informales (proyecciones base 2017),2023-V07,2023 jun-ago,CHL14,Región de Los Ríos,_T,Ambos sexos,59732,,,59.7323731031122,Personas
INF_OCU_INF_P2017,Ocupados informales (proyecciones base 2017),2023-V04,2023 mar-may,CHL14,Región de Los Ríos,_T,Ambos sexos,59702,,,59.7021328812796,Personas
INF_OCU_INF_P2017,Ocupados informales (proyecciones base 2017),2023-V06,2023 may-jul,CHL14,Región de Los Ríos,_T,Ambos sexos,59852,,,59.8516191029342,Personas
INF_OCU_INF_P2017,Ocupados informales (proyecciones base 2017),2023-V12,2023 nov-ene,CHL14,Región de Los Ríos,_T,Ambos sexos,58727,,,58.7266549639478,Personas
INF_OCU_INF_P2017,Ocupados informales (proyecciones base 2017),2023-V11,2023 oct-dic,CHL14,Región de Los Ríos,_T,Ambos sexos,54719,,,54.7191906552999,Personas
INF_OCU_INF_P2017,Ocupados informales (proyecciones base 2017),2023-V10,2023 sep-nov,CHL14,Región de Los Ríos,_T,Ambos sexos,57519,,,57.5194318251982,Personas
INF_OCU_INF_P2017,Ocupados informales (proyecciones base 2017),2024-V01,2024 dic-feb,CHL14,Región de Los Ríos,_T,Ambos sexos,61540,,,61.5399865262279,Personas
INF_OCU_INF_P2017,Ocupados informales (proyecciones base 2017),2024-V02,2024 ene-mar,CHL14,Región de Los Ríos,_T,Ambos sexos,65930,,,65.9298254094792,Personas
INF_OCU_INF_P2017,Ocupados informales (proyecciones base 2017),2024-V03,2024 feb-abr,CHL14,Región de Los Ríos,_T,Ambos sexos,61750,,,61.7500864555888,Personas
INF_OCU_INF_P2017,Ocupados informales (proyecciones base 2017),2024-V04,2024 mar-may,CHL14,Región de Los Ríos,_T,Ambos sexos,59791,,,59.7908925829035,Personas
